,id,abuse_past_year,abuse_status,length_relationship,partner_abusive,num_abusers,num_children,pregnant,beaten_while_pregnant,support_score,guns_in_home,jealous_past_year,limit_family_contact,location_tracking,threat_hit,thrown_object,push_shove,slap,kick_punch,hit_object,beaten,choked,threat_knife,threat_gun,rape_with_threat,power_scale,harass_scale,id_age,age_disparity,children_not_partner,same_sex_relationship,partner_drug_use,partner_alcohol_use,threat_suicide,partner_reported_child_abuse,partner_arrested,violence_increased,severity_increased,weapon_ever,choked_ever,rape_ever,controlled_ever,jealous,capable_murder,reassault
0,108395,1,1,1,1,1,1,0,0,0,0,1,0,1,1,1,1,0,0,0,0,0,0,0,0,2,3,18,-1,1,0,1,1,0,0,0,0,0,0,0,0,0,0,0,0.0
1,108397,1,1,2,1,1,0,0,0,11,0,1,0,1,1,0,1,1,0,0,0,1,1,0,0,2,5,30,-1,2,0,0,1,0,0,1,0,1,1,1,1,0,1,1,1.0
2,108399,1,1,5,1,1,2,0,0,0,0,1,0,1,0,1,1,0,0,0,0,1,0,0,0,3,2,27,0,1,0,0,0,0,0,0,0,0,0,1,0,0,0,0,1.0
3,108443,1,1,2,1,1,0,1,0,12,0,1,0,1,1,1,1,1,0,1,0,1,0,0,0,3,5,19,0,2,0,0,1,0,0,1,0,0,1,1,0,1,0,0,0.0
4,108444,1,1,2,1,1,1,0,0,11,0,1,0,1,1,0,1,1,0,0,0,0,0,0,0,2,3,18,0,5,0,0,0,0,0,1,1,1,0,0,0,0,0,0,1.0
5,108456,1,1,2,0,1,1,0,0,0,0,1,0,1,1,0,1,1,1,0,0,1,0,0,1,2,8,18,-1,5,0,0,0,1,0,1,0,0,0,1,1,0,1,1,1.0
6,108460,1,1,3,1,1,1,0,1,10,0,1,0,0,1,0,1,1,1,0,0,0,0,0,0,2,2,18,0,5,0,0,0,0,0,0,0,0,0,0,0,0,1,1,1.0
7,108525,1,1,4,1,2,2,0,0,11,0,1,1,1,1,1,1,1,1,1,1,1,1,1,1,5,13,36,0,1,0,0,0,0,0,1,1,1,1,1,1,1,1,1,1.0
8,108562,1,1,5,1,1,2,0,0,11,0,0,0,1,1,0,0,0,0,0,0,0,0,0,0,2,7,32,-1,1,0,1,1,1,1,0,0,0,1,0,0,1,1,1,1.0
9,109304,0,0,5,0,0,0,0,0,12,0,1,0,0,0,0,0,0,0,0,0,0,0,0,0,1,3,22,0,2,0,0,0,1,0,0,0,0,0,0,0,0,0,0,0.0
10,109327,0,0,5,0,0,1,0,0,11,0,0,0,0,0,0,0,0,0,0,0,0,0,0,0,0,2,41,0,1,0,0,1,0,0,1,0,0,0,0,0,0,0,0,1.0
11,109335,0,0,1,0,0,0,0,0,12,0,1,0,0,0,0,0,0,0,0,0,0,0,0,0,1,0,37,-2,2,0,0,0,0,0,0,0,0,0,0,0,0,0,0,0.0
12,109400,0,0,2,0,0,2,0,0,12,0,0,0,0,0,0,0,0,0,0,0,0,0,0,0,0,0,34,-2,3,0,0,0,0,0,0,0,0,0,0,0,0,0,0,1.0
13,109455,0,1,2,0,0,2,0,0,11,0,1,0,0,0,0,0,0,0,0,0,0,0,0,0,1,1,18,0,5,0,0,0,0,0,0,0,0,0,0,0,0,0,0,0.0
14,109564,0,0,2,0,0,1,0,0,10,0,1,0,0,0,0,0,0,0,0,0,0,0,0,0,2,3,20,0,5,0,0,0,0,0,0,0,0,0,0,0,0,0,0,1.0
15,109565,0,0,1,0,0,0,0,0,12,0,0,0,0,0,0,0,0,0,0,0,0,0,0,0,0,0,20,0,2,0,0,0,0,0,1,0,0,0,0,0,0,0,0,0.0
16,118051,1,0,6,1,1,2,0,0,10,0,1,1,1,1,0,0,0,0,0,0,0,0,0,0,4,3,41,-2,5,0,0,0,0,0,0,0,0,0,0,0,0,0,0,1.0
17,118058,1,1,3,1,1,0,0,0,10,0,1,1,1,1,1,1,1,0,0,0,1,0,0,0,4,5,28,0,2,0,1,0,1,0,1,1,1,0,1,0,1,1,1,1.0
18,118175,1,0,6,1,1,2,0,1,12,0,0,0,1,1,1,1,1,1,1,0,0,0,0,0,2,0,38,0,1,0,0,0,0,0,0,0,0,0,1,0,0,0,1,1.0
19,118176,1,1,4,1,1,2,0,1,0,0,1,1,1,0,1,0,1,0,1,1,0,0,0,1,4,7,22,-1,1,0,0,1,0,0,1,0,1,0,1,1,0,1,0,1.0
20,118177,1,1,6,1,1,2,0,1,12,0,1,1,1,1,0,1,1,1,0,1,1,0,0,1,4,10,35,0,1,0,1,0,1,1,1,0,0,0,1,1,1,1,1,1.0
21,118178,1,1,4,1,1,1,1,1,0,0,1,0,1,1,1,1,0,1,0,1,0,0,0,0,4,5,21,-1,5,0,1,0,0,0,1,0,0,0,1,0,1,0,1,0.0
22,118182,1,1,3,1,1,2,0,1,10,0,1,1,1,1,1,1,1,0,0,0,0,0,0,0,4,7,26,0,1,0,0,0,1,0,1,0,0,0,1,0,0,0,1,0.0
23,118183,1,1,1,0,1,2,0,1,11,0,1,1,1,1,1,1,1,1,0,1,1,0,0,0,4,5,25,0,5,0,0,1,1,0,0,1,1,0,1,0,0,1,0,1.0
24,118192,1,1,2,1,1,0,0,0,0,0,1,1,1,0,1,1,1,1,1,1,1,0,0,0,5,14,25,0,2,0,1,0,0,0,1,1,0,1,1,1,1,1,1,1.0
25,118193,1,1,5,1,1,2,0,0,0,0,1,1,1,1,1,1,1,1,1,1,1,1,1,1,5,17,30,0,5,0,0,1,1,0,1,0,0,1,1,1,1,1,1,1.0
26,118341,1,1,3,1,1,2,0,0,8,0,1,1,1,1,1,1,1,1,1,1,1,1,1,1,5,12,33,0,1,0,1,1,0,0,1,1,1,1,1,1,1,1,1,1.0
27,118458,1,1,4,1,2,0,0,1,0,0,1,0,1,1,1,1,1,1,1,1,0,0,0,1,4,3,39,0,2,0,1,1,0,1,1,1,1,1,1,1,1,1,1,0.0
28,118520,1,1,1,0,1,0,0,0,12,0,1,0,1,1,1,1,0,0,1,0,1,0,0,0,4,6,36,1,2,0,0,0,0,0,0,1,1,0,1,0,0,0,0,1.0
29,119097,0,0,4,0,0,0,0,0,11,0,0,0,0,0,0,0,0,0,0,0,0,0,0,0,0,1,22,0,2,0,0,0,0,0,0,0,0,0,0,0,0,0,0,1.0
30,119098,0,0,5,0,0,0,0,0,11,0,0,0,0,0,0,0,0,0,0,0,0,0,0,0,0,0,50,-2,2,0,0,0,0,0,0,0,0,0,0,0,0,0,0,1.0
31,119104,0,0,2,0,0,2,0,0,11,0,0,0,0,0,0,0,0,0,0,0,0,0,0,0,0,0,67,1,1,0,0,0,0,0,0,0,0,0,0,0,0,0,0,0.0
32,119180,0,0,5,0,0,2,0,0,11,0,1,1,1,0,0,0,0,0,0,0,0,0,0,0,3,2,38,-2,5,0,0,0,0,0,0,0,0,0,0,0,0,0,0,0.0
33,119181,0,0,5,0,0,1,0,0,11,0,0,0,0,0,0,0,0,0,0,0,0,0,0,0,0,0,42,-2,5,0,0,0,0,0,0,0,0,0,0,0,0,0,0,1.0
34,119194,0,0,2,0,0,2,0,0,12,0,0,0,0,0,0,0,0,0,0,0,0,0,0,0,0,1,40,-2,1,0,0,0,0,0,0,0,0,0,0,0,0,0,0,1.0
35,119208,0,0,5,0,0,1,0,0,12,0,0,0,0,0,0,0,0,0,0,0,0,0,0,0,0,0,39,0,1,0,0,0,0,0,0,0,0,0,0,0,0,0,0,0.0
36,129052,0,0,4,0,0,0,1,0,12,0,1,0,1,0,0,0,0,0,0,0,0,0,0,0,2,1,18,0,2,0,0,0,0,0,1,0,0,0,0,0,0,0,0,0.0
37,129053,0,1,2,0,0,0,1,0,7,0,1,0,1,0,0,0,0,0,0,0,0,0,0,0,3,2,22,0,2,0,0,0,0,0,1,0,0,0,0,0,0,0,0,1.0
38,129117,0,0,4,0,0,2,0,0,12,0,0,0,0,0,0,0,0,0,0,0,0,0,0,0,0,0,21,0,5,0,0,0,0,0,1,0,0,0,0,0,0,0,0,0.0
39,138068,1,1,5,1,1,2,0,0,8,0,1,1,1,1,0,0,0,0,0,0,0,0,0,0,5,6,38,0,1,0,1,1,0,0,1,0,0,0,0,0,0,0,0,0.0
40,139403,0,1,6,0,0,2,0,0,12,0,1,0,0,0,0,0,0,0,0,0,0,0,0,0,1,0,36,0,5,0,0,0,0,0,0,0,0,0,0,0,0,0,0,0.0
41,148059,1,1,1,0,1,2,0,0,1,0,1,1,1,1,0,1,1,1,0,1,0,0,0,1,4,6,30,1,1,0,1,1,0,0,1,1,1,0,1,1,1,1,0,1.0
42,148092,1,1,2,1,1,0,0,0,7,1,1,1,1,1,0,1,0,1,0,1,1,0,0,1,4,2,18,0,2,0,0,0,0,0,1,0,0,0,1,1,1,1,1,1.0
43,148099,1,1,1,1,1,2,0,0,5,0,0,0,1,1,1,0,1,0,1,0,0,0,0,0,2,4,27,1,1,0,0,1,0,0,1,0,0,1,1,1,0,1,1,1.0
44,148100,1,1,2,1,1,0,0,0,12,0,1,0,0,1,1,1,1,0,0,1,0,0,0,0,1,3,18,-1,2,0,0,0,0,0,1,0,0,0,0,0,0,0,0,1.0
45,148106,1,1,2,1,1,2,1,0,10,0,1,1,1,1,0,1,1,0,0,1,1,0,1,0,4,6,21,0,5,0,0,0,1,0,0,0,0,1,1,0,1,1,0,1.0
46,148107,1,1,3,1,1,0,0,0,7,0,1,1,1,1,1,1,1,1,1,1,1,0,0,1,5,10,32,-2,2,0,0,1,0,0,1,1,0,0,1,1,1,1,1,1.0
47,148108,1,1,3,1,1,0,0,0,12,0,1,0,1,1,0,1,1,1,0,1,1,0,0,1,3,4,35,0,2,0,0,1,0,0,1,0,0,0,1,1,1,1,1,0.0
48,148109,1,1,1,0,2,1,1,0,12,0,1,1,1,1,1,1,1,1,0,1,1,0,0,0,3,4,20,0,5,0,0,0,0,0,1,1,1,0,1,0,1,1,1,1.0
49,148110,1,1,5,1,1,2,0,0,0,0,0,0,1,0,0,1,0,0,0,0,0,0,0,0,1,4,32,0,1,0,0,0,0,0,0,0,0,0,0,0,0,0,0,1.0
50,148111,1,1,5,1,1,1,0,0,11,0,1,1,0,0,0,1,0,0,0,0,1,0,0,0,3,0,27,0,5,0,0,0,0,0,0,0,0,0,1,1,0,0,0,0.0
51,148113,1,1,5,1,1,2,0,0,10,0,1,1,1,1,1,1,1,1,0,1,1,1,0,1,5,8,27,-1,5,0,1,0,1,0,1,1,0,1,1,1,1,1,0,0.0
52,148115,1,1,2,1,1,0,0,0,12,1,1,1,1,1,1,1,1,1,1,1,0,0,0,0,4,6,31,-1,2,0,1,0,0,0,1,1,1,0,1,1,0,1,1,1.0
53,148118,1,1,1,0,1,2,0,0,10,0,1,1,1,1,0,1,1,1,0,1,1,1,1,1,4,8,36,0,1,0,1,0,1,0,0,1,0,1,1,1,1,1,1,1.0
54,148119,1,0,5,1,1,2,0,0,5,0,1,1,1,0,0,1,0,0,0,0,0,0,0,0,4,3,39,0,1,0,0,1,1,0,1,0,0,0,0,0,0,0,1,0.0
55,148120,1,1,1,1,1,1,1,0,11,0,1,0,1,1,0,1,0,0,0,0,0,0,0,0,3,3,19,-1,1,0,0,0,0,0,1,0,0,0,1,0,1,0,0,0.0
56,148122,1,0,3,1,1,0,0,0,11,0,0,0,0,0,0,1,0,0,0,0,0,0,0,0,0,3,26,0,2,0,0,0,0,0,0,0,0,0,0,0,0,0,1,0.0
57,148156,1,1,2,1,1,0,0,0,12,0,1,0,1,0,0,0,0,0,1,0,0,0,0,0,3,8,32,0,2,1,0,0,0,0,0,0,0,0,0,1,1,0,0,1.0
58,148164,1,1,1,1,1,2,1,0,0,0,1,0,1,1,1,1,1,0,1,1,1,1,0,0,2,6,20,-1,1,0,1,1,0,0,1,0,1,1,1,0,1,1,1,1.0
59,148204,1,1,2,1,1,0,0,1,8,0,1,1,1,1,1,1,1,1,1,1,1,1,1,0,4,13,22,0,2,0,1,1,0,0,1,1,1,1,1,0,1,1,0,0.0
60,148205,1,0,1,0,1,0,0,0,12,0,0,0,0,1,0,1,1,0,0,0,0,0,1,0,0,1,18,0,2,0,0,0,0,0,1,0,0,1,0,0,0,1,0,0.0
61,148209,1,1,3,0,1,0,0,0,12,0,1,0,1,1,1,1,1,0,1,0,0,0,0,0,3,9,18,-1,2,0,0,0,0,0,1,0,0,0,0,0,0,0,0,1.0
62,148210,1,1,2,1,1,0,0,1,10,0,1,0,1,1,1,1,1,1,1,1,1,0,0,1,3,11,18,0,2,0,0,0,1,0,1,0,0,0,1,1,1,1,0,1.0
63,148241,1,1,4,1,1,0,0,1,11,1,1,1,1,1,1,1,1,1,0,1,0,0,0,0,4,10,18,0,2,0,0,0,1,0,1,1,0,0,1,0,1,1,1,1.0
64,148242,1,1,1,0,1,1,0,0,12,0,1,0,1,1,0,1,1,1,0,1,1,0,0,0,2,3,18,0,1,0,0,0,0,0,1,0,0,0,1,0,1,1,0,0.0
65,148245,1,0,2,1,1,2,0,0,12,0,1,0,1,0,0,0,1,0,0,0,0,0,0,0,2,4,25,-1,1,0,0,0,0,0,0,1,1,0,0,0,1,0,0,1.0
66,148247,1,1,4,1,1,0,0,1,0,1,1,1,1,1,1,1,1,1,1,1,1,1,1,1,5,13,21,0,2,0,0,0,0,0,1,1,1,1,1,1,1,1,1,1.0
67,148344,1,1,3,0,2,0,0,0,5,0,1,1,1,1,0,1,1,1,0,0,0,0,0,0,4,5,34,-3,2,0,1,1,0,0,0,0,0,0,0,0,0,0,1,1.0
68,148345,1,1,2,0,1,0,0,0,11,1,1,0,0,1,0,0,0,0,0,0,0,0,0,0,1,4,33,0,2,0,0,0,0,0,0,0,0,0,0,0,1,0,0,0.0
69,148350,1,1,4,1,1,0,0,0,11,0,1,1,1,1,0,1,0,0,0,0,1,0,0,0,3,6,20,0,2,0,0,1,0,0,1,0,0,0,1,0,1,0,0,0.0
70,148351,1,1,5,1,1,2,0,0,11,0,1,0,0,0,1,1,0,1,0,0,0,1,0,0,2,5,43,1,1,0,0,1,0,0,1,0,0,1,0,0,0,0,0,0.0
71,148402,1,1,2,1,1,2,0,0,8,0,1,1,1,1,0,1,1,1,0,1,1,0,0,0,5,7,26,1,1,0,0,0,0,0,0,0,0,0,1,0,1,1,0,1.0
72,148459,1,1,4,1,1,2,0,0,11,0,1,1,1,1,0,1,0,0,0,0,1,0,0,0,5,2,21,0,1,0,0,0,0,0,0,0,0,0,0,0,0,0,0,0.0
73,148521,1,1,1,0,1,0,0,0,12,0,1,0,0,1,0,0,0,1,0,0,0,0,0,1,1,3,18,0,2,0,0,0,0,0,0,0,0,0,0,0,0,0,0,0.0
74,148559,1,1,2,1,1,0,0,0,12,0,1,0,1,0,0,1,0,0,0,0,0,0,0,0,3,3,19,0,2,0,0,0,0,0,1,0,0,0,0,0,1,0,0,1.0
75,148560,1,1,2,1,1,2,0,0,7,0,1,0,1,1,1,1,1,1,1,1,1,1,0,1,3,7,31,-1,1,0,0,0,0,0,1,0,0,1,1,1,1,1,1,0.0
76,148611,1,1,2,1,1,2,0,0,7,0,0,0,0,1,0,1,1,1,0,1,0,0,0,0,1,1,29,1,1,0,0,0,0,0,0,0,0,0,1,0,0,0,0,1.0
77,148614,1,1,1,0,1,0,0,0,12,0,0,1,0,0,0,1,0,0,0,0,0,1,0,0,1,3,18,0,2,0,0,0,0,0,0,1,0,0,0,1,0,0,0,1.0
78,149070,0,0,3,0,0,0,0,0,0,0,1,1,1,0,0,0,0,0,0,0,0,0,0,0,5,6,27,-1,2,0,0,0,0,0,0,0,0,0,0,0,0,0,0,1.0
79,149073,0,1,1,0,0,2,0,0,5,0,0,0,0,0,0,0,0,0,0,0,0,0,0,0,0,1,29,0,1,0,0,0,0,0,0,0,0,0,0,0,0,0,0,1.0
80,149074,0,1,5,0,0,2,0,0,8,0,0,0,0,0,0,0,0,0,0,0,0,0,0,0,1,0,28,0,5,0,0,0,0,0,0,0,0,0,0,0,0,0,0,1.0
81,149112,0,0,2,0,0,2,0,0,11,0,0,0,1,0,0,0,0,0,0,0,0,0,0,0,1,2,23,-1,1,0,0,0,1,0,1,0,0,0,0,0,0,0,0,1.0
82,149114,0,0,2,0,0,2,0,0,10,0,0,0,0,0,0,0,0,0,0,0,0,0,0,0,0,0,31,0,1,0,0,1,0,0,1,0,0,0,0,0,0,0,0,0.0
83,149116,0,0,3,0,0,0,0,0,12,0,0,0,0,0,0,0,0,0,0,0,0,0,0,0,0,0,23,0,2,0,0,0,0,0,0,0,0,0,0,0,0,0,0,0.0
84,149155,0,0,1,0,0,0,0,0,11,0,0,0,0,0,0,0,0,0,0,0,0,0,0,0,0,0,25,0,2,0,0,0,0,0,0,0,0,0,0,0,0,0,0,1.0
85,149173,0,0,1,0,0,0,0,0,0,0,0,0,0,0,0,0,0,0,0,0,0,0,0,0,0,2,20,0,2,0,0,0,0,0,1,0,0,0,0,0,0,0,0,1.0
86,149246,0,0,1,0,0,1,1,0,1,0,1,0,0,0,0,0,0,0,0,0,0,0,0,0,1,0,30,0,1,0,1,1,1,0,0,0,0,0,0,0,0,0,0,0.0
87,149333,0,0,2,0,0,2,0,0,0,0,0,0,0,0,0,0,0,0,0,0,0,0,0,0,0,0,29,0,3,0,0,0,0,0,0,0,0,0,0,0,0,0,0,0.0
88,149334,0,0,2,0,0,0,0,0,12,0,0,0,1,0,0,0,0,0,0,0,0,0,0,0,1,0,21,0,2,0,0,0,0,0,0,0,0,0,0,0,0,0,0,1.0
89,149401,0,0,1,0,0,0,1,0,12,0,1,0,1,0,0,0,0,0,0,0,0,0,0,0,2,5,19,-1,2,0,0,1,0,0,1,0,0,0,0,0,0,0,0,1.0
90,149626,0,1,1,0,0,2,0,0,0,0,0,0,0,0,0,0,0,0,0,0,0,0,0,0,0,0,32,-2,1,0,0,0,0,0,1,0,0,0,0,0,0,0,0,0.0
91,158095,1,1,2,1,1,1,1,0,10,0,0,1,0,1,0,1,0,0,0,0,0,0,0,0,1,2,27,-2,5,0,1,1,0,0,1,0,0,0,0,0,0,0,0,1.0
92,158522,1,1,1,0,1,0,0,0,11,1,1,1,1,1,1,1,1,1,1,1,1,0,0,1,4,10,20,0,2,0,0,0,0,0,1,0,0,1,1,1,1,1,0,1.0
93,158523,1,1,1,1,2,0,1,0,10,1,1,1,1,0,0,1,0,0,0,0,0,0,0,1,5,5,21,0,2,0,0,1,0,0,1,0,0,0,0,1,1,1,1,1.0
94,158561,1,1,1,0,1,0,1,0,5,0,1,1,1,1,1,1,1,1,1,1,1,0,0,0,5,12,20,0,2,0,1,1,1,0,1,1,1,1,1,0,1,1,1,0.0
95,158625,1,1,3,1,1,0,0,0,1,0,1,0,0,0,0,1,0,0,0,0,0,0,0,0,2,2,18,-1,2,0,0,0,0,0,0,0,1,0,1,0,1,1,0,0.0
96,159050,0,0,2,0,0,0,0,0,10,0,1,0,1,0,0,0,0,0,0,0,0,0,0,0,2,2,20,-2,2,0,0,0,0,0,0,0,0,0,0,0,0,0,0,0.0
97,159399,0,1,2,0,0,1,0,0,11,0,1,0,0,0,0,0,0,0,0,0,0,0,0,0,1,3,27,0,1,0,1,0,0,0,0,0,0,0,0,0,0,0,0,1.0
98,168071,1,1,2,1,1,1,0,1,8,0,1,1,1,1,1,1,1,0,0,1,1,0,1,0,5,9,20,0,5,0,0,0,1,0,1,1,0,1,1,0,1,1,1,1.0
99,168072,1,1,4,1,1,2,0,0,6,0,0,0,0,1,1,1,1,0,0,0,1,0,0,1,1,2,21,0,1,0,0,0,1,0,0,0,0,0,1,1,0,0,0,1.0
100,168091,1,0,1,1,1,1,1,0,10,0,0,0,1,1,0,0,0,1,0,0,0,0,0,0,1,5,18,0,5,0,0,0,0,0,0,0,0,0,0,0,0,0,0,0.0
101,168105,1,0,5,1,1,2,0,0,8,0,0,0,0,0,0,1,1,0,0,0,0,0,0,0,0,1,27,0,1,0,0,1,1,0,1,0,0,0,0,0,0,0,0,1.0
102,168121,1,1,2,1,1,1,0,0,8,0,1,0,0,1,0,1,0,1,0,0,1,0,0,0,1,5,18,0,5,0,0,1,0,0,1,0,0,0,1,0,0,0,1,0.0
103,168123,1,1,4,1,1,2,0,0,12,0,1,0,1,1,0,1,0,0,0,0,0,0,0,0,4,1,24,0,1,0,0,0,0,0,0,0,0,0,0,0,0,0,0,1.0
104,168202,1,1,1,0,1,1,0,1,8,0,1,1,1,1,0,1,1,1,0,0,0,0,0,0,4,6,22,0,5,0,0,0,1,0,1,0,0,0,0,0,1,0,1,0.0
105,168237,1,0,1,0,1,0,0,0,12,0,0,0,0,1,0,0,0,0,0,0,0,0,0,0,0,0,20,-1,2,0,0,1,0,0,1,0,0,0,0,0,0,0,0,1.0
106,168238,1,0,2,1,1,1,0,0,11,0,1,0,0,0,0,1,0,0,0,0,0,0,0,0,1,2,22,0,5,0,0,0,0,0,1,0,0,0,0,0,0,0,1,0.0
107,168239,1,1,2,1,1,2,0,1,8,0,1,1,1,1,0,1,1,1,1,0,1,0,0,0,4,0,19,0,1,0,0,0,1,0,1,0,0,0,1,0,1,1,1,0.0
108,168251,1,0,2,1,1,1,0,0,11,0,1,0,1,0,0,1,0,0,0,0,0,0,0,0,2,5,26,-1,5,0,0,0,0,0,0,0,0,0,0,0,0,0,0,1.0
109,168252,1,0,3,1,1,1,0,0,12,0,1,0,0,0,0,1,1,0,0,0,0,0,0,0,1,1,18,0,5,0,0,0,0,0,0,0,0,0,0,0,0,0,0,1.0
110,168253,1,1,1,1,1,2,0,0,10,0,1,1,1,1,0,1,1,0,0,0,1,0,0,1,5,6,32,0,1,0,0,1,0,0,1,1,0,0,1,1,1,0,0,1.0
111,168305,1,0,1,0,1,2,0,0,12,0,1,0,1,1,1,1,1,1,0,1,1,0,1,0,2,9,22,0,1,0,0,1,0,0,1,0,1,1,1,0,0,1,1,1.0
112,168322,1,0,4,1,1,1,0,0,8,0,1,0,1,1,0,1,0,0,0,0,0,0,0,0,3,1,21,0,5,0,0,1,0,0,0,0,0,0,0,0,0,0,0,0.0
113,168328,1,1,1,1,2,1,0,0,10,0,1,1,1,0,0,1,1,0,0,0,0,1,0,0,3,3,19,0,5,0,0,0,0,0,0,0,0,0,0,0,1,0,0,1.0
114,168329,1,1,4,1,1,1,0,0,11,0,1,0,1,0,0,1,0,0,0,0,1,0,0,0,2,6,20,0,5,0,0,0,0,0,1,0,0,0,1,0,0,1,0,0.0
115,168330,1,1,1,1,1,1,0,1,11,0,1,1,1,1,1,1,0,0,0,0,0,0,1,0,4,14,21,-1,5,0,0,0,1,0,1,0,0,1,1,1,1,1,0,0.0
116,168332,1,1,4,1,1,1,0,0,12,0,0,0,0,0,0,1,0,0,1,0,0,0,0,0,0,0,22,0,5,0,0,0,0,0,0,0,0,0,0,0,0,0,1,1.0
117,168333,1,0,3,1,1,2,0,0,1,0,1,1,1,1,1,1,1,1,0,0,0,0,0,0,5,9,29,0,5,0,1,1,1,0,1,1,0,0,0,0,1,1,0,1.0
118,168338,1,1,1,1,2,1,0,1,12,0,1,1,1,1,1,1,1,1,0,1,1,0,0,0,4,3,19,0,5,0,0,0,0,0,0,0,0,0,1,0,0,0,1,1.0
119,168339,1,1,2,1,1,1,0,0,0,0,1,0,0,0,1,1,1,0,1,0,1,0,0,0,1,2,18,0,5,0,0,0,0,0,0,0,0,0,1,0,0,0,0,0.0
120,168340,1,1,4,1,1,1,0,0,12,1,1,1,1,1,1,1,1,1,1,1,0,1,0,1,4,4,33,0,5,0,1,1,0,0,1,0,0,1,0,1,1,1,0,1.0
121,168342,1,1,4,1,1,2,1,0,12,0,0,0,0,0,0,1,0,0,0,0,0,0,0,0,1,0,19,-1,5,0,0,0,0,0,0,0,0,0,0,0,0,0,0,0.0
122,168349,1,0,1,1,1,2,0,0,8,1,1,1,1,1,1,1,1,1,1,1,1,1,0,0,5,5,28,0,1,0,1,1,0,0,1,0,0,1,1,0,1,1,0,1.0
123,168354,1,1,2,1,1,1,0,0,12,0,0,0,0,1,0,1,0,0,0,0,1,0,0,0,0,5,35,0,5,0,0,0,0,0,0,0,0,0,1,0,0,0,0,0.0
124,168396,1,1,1,0,1,2,0,1,10,0,0,0,1,1,1,1,0,0,0,0,1,0,0,0,3,8,19,0,1,0,0,0,0,0,1,1,1,1,1,0,1,1,0,1.0
125,168398,1,1,5,1,1,1,1,0,1,0,1,0,1,1,1,1,0,1,0,1,1,0,0,0,3,1,18,-1,5,0,0,0,0,0,1,0,0,0,1,0,0,0,0,1.0
126,168454,1,1,4,1,1,2,0,0,10,0,1,1,1,0,1,1,1,0,1,0,0,0,0,0,5,5,32,0,1,0,0,0,0,0,0,0,0,0,1,0,1,0,1,1.0
127,168518,1,1,1,1,1,1,1,0,12,0,1,0,1,0,0,1,0,0,0,0,0,0,0,0,2,0,18,-2,5,0,0,0,0,0,0,0,0,0,0,0,0,1,0,1.0
128,168519,1,1,1,0,1,2,0,1,11,0,1,0,1,1,0,1,0,0,0,1,1,0,0,1,2,0,24,0,1,0,0,1,1,0,1,0,0,0,1,1,1,0,1,0.0
129,168524,1,1,2,0,1,1,0,0,7,0,1,1,1,1,0,0,0,0,0,0,0,0,0,0,5,5,24,0,1,0,0,0,0,0,0,0,0,0,0,0,1,1,0,1.0
130,168526,1,0,2,1,1,0,1,1,12,0,1,1,1,1,0,1,1,1,1,1,1,1,0,1,4,5,18,0,2,0,0,0,0,0,1,0,0,1,1,1,1,1,1,1.0
131,168563,1,1,5,1,1,1,1,1,1,0,1,1,1,1,0,1,1,1,0,1,1,0,0,0,5,10,25,0,1,0,1,0,0,0,1,0,0,0,1,0,1,1,0,0.0
132,168610,1,1,2,1,1,1,0,1,12,0,1,0,1,1,1,1,1,1,1,1,1,1,0,0,3,7,18,-1,5,0,0,1,1,0,1,0,0,1,1,0,1,1,1,1.0
133,168612,1,0,3,1,1,0,0,0,10,0,1,0,0,0,0,0,0,0,0,0,0,0,0,1,1,2,22,0,2,0,0,1,0,0,1,0,0,0,0,1,0,0,0,1.0
134,168616,1,1,3,1,1,1,0,1,7,0,1,1,1,1,0,1,0,1,0,1,1,0,0,0,4,9,18,0,5,0,0,1,0,1,1,0,0,1,1,0,1,1,0,0.0
135,168618,1,1,4,0,1,2,0,0,0,0,0,0,0,1,0,0,1,0,0,1,1,0,0,0,0,0,50,0,3,0,0,0,0,0,0,0,0,1,0,1,1,0,1,1.0
136,168619,1,1,3,1,1,0,0,0,1,0,1,1,1,1,1,1,1,1,1,1,1,1,0,1,5,8,41,-1,2,0,0,1,0,0,1,1,1,1,1,1,1,1,1,1.0
137,168624,1,1,1,1,1,1,0,0,12,0,1,0,1,1,0,1,0,1,0,0,0,0,0,0,3,2,18,0,5,0,0,0,0,0,0,0,0,0,0,0,1,0,0,1.0
138,168627,1,1,2,1,1,1,0,0,0,0,1,0,1,1,0,1,0,0,0,0,0,1,0,1,3,5,18,-1,5,0,0,0,0,0,0,0,0,0,0,1,1,1,1,1.0
139,168628,1,1,5,1,1,2,0,0,11,0,1,0,1,0,0,0,0,0,0,0,0,0,0,1,3,1,31,0,5,0,0,0,0,0,0,0,0,0,0,1,1,0,0,1.0
140,169069,0,0,1,0,0,1,1,0,0,0,0,0,0,0,0,0,0,0,0,0,0,0,0,0,0,0,19,0,5,0,0,0,0,0,0,0,0,0,0,0,0,0,0,1.0
141,169203,0,0,2,0,0,0,0,0,11,0,1,1,1,0,0,0,0,0,0,0,0,0,0,0,3,2,19,-1,2,0,0,0,0,0,1,0,0,0,0,0,0,0,0,1.0
142,169206,0,0,3,0,0,1,0,0,7,0,1,0,0,0,0,0,0,0,0,0,0,0,0,0,1,2,20,0,5,0,0,0,0,0,1,0,0,0,0,0,0,0,0,0.0
143,169207,0,0,3,0,0,1,0,0,0,0,1,0,1,0,0,0,0,0,0,0,0,0,0,0,3,2,26,0,5,0,0,0,0,0,0,0,0,0,0,0,0,0,0,1.0
144,169240,0,0,5,0,0,1,0,0,11,0,0,0,0,0,0,0,0,0,0,0,0,0,0,0,1,1,32,0,1,0,0,0,0,0,1,0,0,0,0,0,0,0,0,1.0
145,169243,0,0,4,0,0,2,0,0,11,0,1,0,0,0,0,0,0,0,0,0,0,0,0,0,1,0,19,0,5,0,0,0,0,0,0,0,0,0,0,0,0,0,0,1.0
146,169244,0,0,2,0,0,0,1,0,11,1,1,1,1,0,0,0,0,0,0,0,0,0,0,0,3,2,21,0,2,0,0,1,0,0,1,0,0,0,0,0,0,0,0,1.0
147,169248,0,0,1,0,0,2,0,0,12,0,0,0,0,0,0,0,0,0,0,0,0,0,0,0,0,0,32,0,1,0,0,0,0,0,1,0,0,0,0,0,0,0,0,1.0
148,169249,0,0,4,0,0,0,0,0,11,0,0,0,0,0,0,0,0,0,0,0,0,0,0,0,0,0,27,0,2,0,0,0,0,0,1,0,0,0,0,0,0,0,0,1.0
149,169250,0,0,3,0,0,1,0,0,11,0,1,0,1,0,0,0,0,0,0,0,0,0,0,0,3,1,18,-1,5,0,0,0,0,0,0,0,0,0,0,0,0,0,0,0.0
150,169254,0,0,3,0,0,2,0,0,10,0,1,0,1,0,0,0,0,0,0,0,0,0,0,0,3,2,29,-1,5,0,0,0,0,0,0,0,0,0,0,0,0,0,0,1.0
151,169326,0,0,4,0,0,0,0,0,12,0,1,0,1,0,0,0,0,0,0,0,0,0,0,0,2,2,18,0,2,0,0,0,0,0,1,0,0,0,0,0,0,0,0,1.0
152,169331,0,0,3,0,0,0,1,0,12,1,1,0,1,0,0,0,0,0,0,0,0,0,0,0,2,0,19,0,2,0,0,0,1,0,0,0,0,0,0,0,0,0,0,1.0
153,169343,0,0,4,0,0,2,0,0,12,1,0,0,0,0,0,0,0,0,0,0,0,0,0,0,0,1,26,-1,3,0,0,1,0,0,1,0,0,0,0,0,0,0,0,1.0
154,169352,0,0,2,0,0,2,0,0,0,0,1,0,1,0,0,0,0,0,0,0,0,0,0,0,2,1,20,-1,1,0,0,0,0,0,0,0,0,0,0,0,0,0,0,1.0
155,169353,0,0,5,0,0,2,0,0,11,0,0,0,0,0,0,0,0,0,0,0,0,0,0,0,0,0,28,0,5,0,0,1,0,0,1,0,0,0,0,0,0,0,0,1.0
156,169404,0,1,2,0,0,2,0,0,12,0,1,0,0,0,0,0,0,0,0,0,0,0,0,0,1,3,28,0,1,0,0,1,0,0,1,0,0,0,0,0,0,0,0,1.0
157,169517,0,1,1,0,0,1,0,0,7,0,1,1,1,1,1,1,1,0,1,1,0,0,0,1,0,1,19,0,1,0,0,0,0,0,1,0,0,0,0,0,0,0,0,1.0
158,169613,0,1,3,0,0,1,0,0,12,0,1,0,0,0,0,0,0,0,0,0,0,0,0,0,1,1,22,0,5,0,0,1,1,0,1,0,0,0,0,0,0,0,0,1.0
159,169615,0,0,5,0,0,2,0,0,12,0,0,0,0,0,0,0,0,0,0,0,0,0,0,0,0,0,43,0,3,0,0,0,0,0,0,0,0,0,0,0,0,0,0,1.0
160,169617,0,0,5,0,0,2,0,0,10,0,1,1,1,0,0,0,0,0,0,0,0,0,0,0,4,1,26,0,5,0,0,0,0,0,0,0,0,0,0,0,0,0,0,1.0
161,218042,1,0,2,1,1,0,0,0,10,0,0,0,0,0,0,1,0,0,0,0,0,0,0,0,0,1,26,0,2,1,0,0,0,0,0,0,0,0,0,0,0,0,0,1.0
162,218048,1,1,4,1,2,0,0,0,8,0,0,0,1,0,0,1,0,0,0,0,0,0,0,0,2,6,30,-2,2,0,1,1,1,0,0,0,0,0,0,0,0,0,0,1.0
163,218148,1,1,2,1,1,2,0,0,10,0,1,1,1,1,0,1,0,0,0,0,0,0,0,0,3,4,31,0,1,1,0,1,1,0,0,1,0,0,1,0,1,1,0,1.0
164,218160,1,1,1,1,1,0,0,0,11,0,0,1,0,0,0,1,1,0,0,0,0,0,0,0,1,2,27,0,2,0,1,0,1,0,0,0,0,0,0,1,0,0,0,1.0
165,219147,0,1,2,0,0,0,0,0,0,0,0,0,0,0,0,0,0,0,0,0,0,0,0,0,1,4,26,0,2,0,0,1,0,0,1,0,0,0,0,0,0,0,0,0.0
166,219235,0,0,3,0,0,0,1,0,12,0,0,0,0,0,0,0,0,0,0,0,0,0,0,0,0,1,18,0,2,0,0,1,0,0,0,0,0,0,0,0,0,0,0,0.0
167,228284,1,1,1,0,1,0,1,0,10,0,1,1,1,1,1,1,0,0,0,0,0,1,0,0,4,7,24,0,2,0,1,1,1,0,1,1,1,1,0,0,1,0,1,1.0
168,229047,0,0,3,0,0,1,0,0,12,0,0,0,0,0,0,0,0,0,0,0,0,0,0,0,0,0,36,1,5,0,0,1,0,0,1,0,0,0,0,0,0,0,0,1.0
169,308001,1,0,2,1,1,0,0,0,6,0,0,0,1,0,0,0,1,1,0,0,0,0,0,0,2,2,31,0,2,0,0,0,0,0,0,0,0,0,0,0,1,0,0,1.0
170,308002,1,1,2,1,1,0,0,0,0,0,1,1,1,1,1,1,0,1,1,1,1,0,0,0,4,5,18,0,2,0,0,0,0,0,0,1,0,1,1,0,1,1,0,1.0
171,308003,1,1,2,1,1,0,0,1,8,0,0,1,0,0,0,1,1,1,0,1,1,0,1,0,3,10,31,-1,6,0,1,0,1,0,0,1,0,1,0,1,0,1,0,1.0
172,308004,1,1,5,1,1,1,0,0,10,0,1,0,0,0,0,1,0,1,0,0,0,0,0,0,1,1,27,-1,5,0,1,0,0,0,1,0,0,0,0,0,0,0,0,1.0
173,308005,1,1,3,0,1,0,0,0,12,0,1,1,1,1,1,1,1,1,1,1,0,0,0,1,5,6,19,0,2,0,0,1,1,0,1,0,0,0,0,0,0,1,1,0.0
174,308006,1,0,5,0,2,0,0,1,10,0,1,1,1,1,1,1,1,1,0,1,0,1,0,0,5,10,30,0,2,0,1,0,0,0,0,0,1,1,1,0,0,0,0,0.0
175,308007,1,0,6,1,1,0,0,0,0,0,1,0,0,1,1,1,1,0,0,0,0,0,0,0,2,2,50,0,2,0,0,0,1,0,0,0,0,0,0,0,0,0,1,1.0
176,308008,1,1,3,1,1,0,0,0,11,0,1,0,0,1,0,1,1,1,1,1,0,0,0,0,2,1,41,2,2,0,1,0,0,0,1,0,0,0,0,0,0,0,1,1.0
177,308032,1,1,1,1,2,1,0,0,11,0,1,1,1,1,1,1,1,1,0,0,1,0,0,1,4,2,33,-2,1,0,0,1,0,0,0,1,1,0,1,1,1,1,0,1.0
178,308033,1,0,1,1,1,0,0,0,7,0,1,0,0,0,0,1,0,0,0,0,0,0,0,0,1,2,35,0,2,0,0,1,0,0,1,0,0,0,0,0,0,0,0,1.0
179,308034,1,0,1,0,1,0,0,0,0,0,1,1,1,1,0,1,1,1,0,1,0,0,0,0,5,4,45,1,2,0,1,1,0,0,1,1,1,0,0,0,0,1,1,1.0
180,308035,1,1,2,1,1,0,0,0,6,0,0,0,1,0,0,0,0,1,0,0,0,0,0,0,3,4,42,2,2,0,1,1,0,0,0,0,0,0,0,0,0,0,1,1.0
181,308037,1,1,4,0,2,0,0,1,10,0,1,1,1,1,0,1,0,1,0,1,0,0,0,1,5,4,36,0,2,0,1,1,1,0,1,1,1,0,1,1,0,1,1,0.0
182,308043,1,0,1,0,1,0,0,0,12,0,0,0,0,0,0,1,0,0,0,0,0,0,0,0,0,0,22,0,2,0,0,0,0,0,0,0,0,0,0,0,0,0,0,0.0
183,308044,1,1,2,0,2,2,0,0,0,0,1,1,1,1,1,1,1,1,1,1,1,1,1,1,5,13,24,0,1,0,0,0,1,0,1,1,0,1,1,1,1,1,1,1.0
184,308045,1,0,4,1,1,0,0,0,12,0,1,1,1,1,1,1,1,1,1,1,1,1,0,0,4,8,25,0,2,1,0,0,1,0,1,0,0,1,1,1,0,1,0,1.0
185,308046,1,0,5,1,1,0,0,0,8,0,1,1,1,1,0,0,0,0,0,0,0,0,0,0,5,3,33,0,2,0,0,0,0,0,0,0,0,0,0,0,0,0,0,1.0
186,308049,1,1,3,1,1,2,0,0,12,0,1,1,1,1,1,1,1,1,1,1,1,0,1,0,4,12,18,0,1,0,1,0,1,0,1,0,1,1,1,0,1,1,1,0.0
187,308056,1,1,2,1,1,666,0,0,10,1,0,0,0,0,0,0,0,1,0,0,0,0,0,1,0,3,40,-2,999,0,0,1,0,0,1,0,0,0,0,0,0,0,1,1.0
188,308057,1,1,1,0,2,0,0,0,8,0,1,0,1,1,1,1,0,1,0,0,1,0,0,1,3,5,18,0,2,0,1,0,0,0,1,0,0,0,1,0,0,1,1,1.0
189,308060,1,0,4,1,1,0,0,0,12,0,1,1,1,1,0,1,1,0,0,0,0,0,0,0,3,1,25,-2,2,0,1,1,0,0,1,0,0,0,0,0,1,1,0,0.0
190,308061,1,0,1,0,1,0,0,0,0,0,1,1,1,1,0,1,1,1,0,0,0,0,0,0,4,7,24,-1,2,0,1,1,1,0,1,0,0,0,0,1,1,1,0,0.0
191,308062,1,0,3,1,1,0,0,0,12,0,1,0,0,1,0,0,0,0,0,0,0,0,0,0,1,0,47,0,2,0,0,1,0,0,0,0,0,0,0,0,0,0,1,1.0
192,308064,1,1,1,0,2,2,0,0,10,0,1,0,0,1,0,1,1,0,0,0,0,0,0,0,1,0,20,0,1,0,1,0,0,0,1,0,0,0,1,0,0,0,0,1.0
193,308066,1,1,5,1,1,0,0,0,0,0,1,1,1,1,0,1,1,1,1,1,1,0,1,1,5,13,33,0,2,0,0,1,0,0,0,1,0,1,1,1,1,1,1,0.0
194,308067,1,0,3,0,1,0,0,0,11,0,1,0,1,0,0,1,0,0,0,0,0,0,0,1,2,0,29,0,2,0,1,0,0,0,1,1,0,0,0,1,0,0,1,1.0
195,308079,1,1,4,1,1,0,0,1,0,0,1,1,1,1,1,1,1,1,1,1,1,1,1,1,4,11,37,1,2,0,1,0,1,0,1,1,1,1,1,1,1,1,1,1.0
196,308080,1,1,1,1,1,0,0,0,11,0,1,1,1,1,0,1,1,1,0,1,1,0,0,1,4,5,29,0,2,1,0,1,0,0,1,1,1,0,1,1,0,1,1,1.0
197,308081,1,1,3,1,1,2,0,0,12,0,1,1,1,1,0,1,0,0,0,0,1,1,0,0,4,6,31,-3,1,0,0,1,0,0,1,1,0,1,1,0,0,1,1,0.0
198,308082,1,1,6,1,1,0,0,0,11,1,0,0,1,1,1,1,1,1,0,1,1,0,0,0,2,4,40,-1,2,0,1,0,0,0,1,0,0,0,1,0,0,0,0,1.0
199,308085,1,1,1,1,1,0,0,0,11,0,1,0,1,1,1,1,1,1,0,0,1,0,0,0,3,4,20,0,2,0,1,1,0,0,1,0,0,0,1,0,0,1,1,1.0
200,308086,1,1,2,1,1,2,0,0,11,0,1,1,1,1,0,1,1,1,0,1,0,0,1,0,4,5,43,0,1,0,1,1,0,0,0,1,1,0,0,1,0,1,1,0.0
201,308088,1,1,1,0,1,0,0,0,0,0,1,1,1,1,1,1,1,1,1,1,1,0,0,0,5,14,30,-1,2,0,1,1,1,0,1,1,1,1,1,0,1,1,1,1.0
202,308090,1,1,1,1,1,0,0,0,12,0,1,1,1,1,0,1,1,0,0,0,1,0,0,1,3,1,21,-2,2,0,0,1,0,0,0,1,0,0,1,1,1,0,0,1.0
203,308093,1,1,4,1,1,0,0,0,0,0,0,1,1,1,1,1,0,1,0,1,1,0,0,1,4,6,38,0,2,0,1,1,0,0,1,1,1,1,1,1,1,0,1,1.0
204,308124,1,1,5,1,1,2,0,1,0,0,1,1,1,1,1,1,1,1,1,1,1,1,1,1,5,15,26,-1,5,0,1,1,0,0,1,1,1,1,1,1,1,1,1,1.0
205,308125,1,1,1,1,1,0,0,0,10,0,1,0,1,1,1,1,1,1,1,0,1,0,1,0,4,5,36,0,2,1,1,0,1,0,0,0,0,1,1,0,1,0,0,1.0
206,308126,1,1,2,1,1,0,0,0,12,0,0,0,1,0,0,1,0,1,1,0,0,0,0,0,2,3,34,1,2,0,0,1,0,0,1,0,0,0,0,0,0,1,0,1.0
207,308128,1,1,5,1,1,1,0,0,10,0,1,1,1,1,1,1,1,1,1,1,1,1,1,1,5,13,47,-2,1,0,0,0,0,0,0,1,1,1,1,1,1,1,1,1.0
208,308129,1,1,2,1,1,0,0,0,10,0,1,0,1,0,0,1,1,1,0,1,1,0,0,0,2,7,19,-1,2,0,1,1,0,0,1,0,1,0,1,0,1,1,1,1.0
209,308130,1,1,6,1,1,2,0,1,11,0,1,1,1,0,0,0,1,1,1,1,1,1,1,1,5,11,40,-2,1,0,0,1,0,0,0,1,1,1,1,1,1,1,0,0.0
210,308131,1,1,4,1,1,0,0,0,0,0,1,1,1,1,1,1,1,0,1,1,0,0,0,1,5,8,36,-2,2,0,0,1,0,0,1,1,1,0,0,0,1,1,1,1.0
211,308132,1,1,6,1,1,0,0,0,10,0,1,1,1,1,0,1,1,1,0,1,1,0,0,1,4,10,38,-1,2,0,1,0,0,1,1,1,1,1,1,1,1,1,1,0.0
212,308136,1,1,6,1,1,0,0,0,5,0,1,1,1,0,0,1,0,1,0,0,1,1,0,1,5,5,50,0,2,0,0,1,1,0,1,1,1,1,1,1,1,1,1,1.0
213,308142,1,1,4,0,2,0,0,1,6,0,1,1,1,1,1,1,1,1,1,1,1,1,1,1,5,5,29,-1,2,0,1,0,1,0,1,1,1,1,1,1,1,1,1,1.0
214,308144,1,1,5,1,1,1,0,0,11,0,1,1,1,1,1,1,1,1,0,0,1,0,0,1,5,10,48,0,5,0,1,1,0,0,0,0,0,0,1,1,1,1,0,0.0
215,308145,1,1,1,0,1,0,0,0,8,0,1,1,1,1,1,1,1,1,0,1,1,0,0,1,3,8,41,1,2,0,1,1,0,0,1,1,1,1,1,1,1,1,1,0.0
216,308146,1,1,4,1,1,0,0,0,10,0,1,1,1,1,1,1,1,0,1,1,1,0,0,1,5,9,34,0,2,0,0,0,0,0,0,1,1,1,1,1,1,1,0,1.0
217,308149,1,0,4,1,1,0,0,0,0,0,1,1,1,1,1,1,1,1,0,1,1,0,0,1,5,8,38,0,2,0,0,1,0,0,1,1,1,0,1,1,1,1,1,1.0
218,308150,1,1,2,0,1,0,0,0,11,0,1,0,1,1,0,1,0,0,0,0,1,1,0,1,2,4,19,0,2,0,1,0,0,0,1,0,0,1,1,1,0,0,0,1.0
219,308151,1,1,1,1,1,0,0,0,8,0,1,1,1,1,0,1,1,0,0,0,0,0,0,0,3,4,18,0,2,0,0,0,1,0,0,0,0,0,0,0,0,1,1,1.0
220,308153,1,1,1,1,1,0,0,0,12,0,1,1,1,1,1,1,1,1,1,0,1,0,1,1,5,12,38,-1,2,0,0,0,1,0,1,1,1,1,1,1,1,1,1,1.0
221,308166,1,1,6,1,1,2,0,0,6,0,1,1,1,1,1,1,1,0,1,0,0,0,0,1,5,10,38,-1,5,0,0,1,1,0,1,0,0,1,0,1,1,1,1,1.0
222,308167,1,1,5,1,1,0,0,0,11,0,1,1,1,1,1,1,1,1,1,0,1,0,0,1,4,9,46,0,2,0,1,1,1,1,1,0,1,0,1,1,0,1,1,1.0
223,308168,1,1,1,1,1,1,0,0,7,0,1,1,1,0,0,0,0,1,0,0,0,0,0,0,4,3,29,0,1,0,0,0,0,0,0,0,0,0,1,0,0,1,1,0.0
224,308174,1,1,2,0,1,0,0,0,11,1,1,0,1,1,1,1,0,0,1,0,0,0,0,0,3,6,20,-1,2,0,1,1,0,0,1,0,1,0,1,1,0,1,1,1.0
225,308186,1,1,5,1,1,2,0,0,12,0,1,1,1,1,1,1,0,0,0,0,0,1,0,0,5,12,38,1,1,0,1,1,1,0,1,0,1,1,1,1,1,1,1,1.0
226,308189,1,1,1,0,2,0,0,0,11,0,1,1,1,1,1,1,1,1,1,1,1,1,1,0,4,8,33,-1,2,0,1,0,0,0,1,0,1,1,1,0,0,1,1,1.0
227,308190,1,0,4,1,1,1,0,0,1,0,0,0,0,1,0,1,1,1,0,0,0,0,0,0,0,2,39,0,1,0,0,1,0,0,1,0,0,0,1,0,0,0,0,0.0
228,308191,1,1,2,1,1,0,0,0,11,0,1,1,1,1,1,1,1,1,1,1,1,0,0,1,5,9,33,-1,2,0,0,0,0,0,1,0,1,0,1,1,1,1,1,1.0
229,308196,1,1,1,0,1,1,1,0,11,0,1,1,1,1,0,1,0,0,0,0,0,0,0,0,4,5,21,0,5,0,0,0,0,0,0,1,1,0,0,0,0,1,0,1.0
230,308197,1,0,5,1,1,2,0,0,11,0,1,1,1,0,1,0,0,0,0,0,0,0,0,0,3,7,27,-1,1,0,0,1,1,0,1,0,0,1,0,0,1,0,1,1.0
231,308198,1,1,3,1,1,1,0,1,12,0,1,1,1,1,0,1,1,1,0,1,1,0,0,0,3,5,19,0,1,0,0,0,0,0,1,0,0,0,1,0,1,1,1,0.0
232,308199,1,0,2,1,1,0,0,0,10,0,1,1,1,1,0,0,0,0,0,0,0,0,0,0,4,2,38,0,2,0,0,0,0,0,0,0,0,0,0,0,0,0,0,1.0
233,308211,1,1,1,1,1,0,0,0,0,0,1,0,1,1,1,1,1,1,1,1,0,0,0,0,4,9,25,0,2,0,1,1,0,0,0,1,0,0,0,0,1,1,1,0.0
234,308213,1,1,1,0,1,0,0,1,10,0,1,1,1,1,1,1,1,1,1,1,1,1,0,1,5,12,30,-2,2,0,1,1,0,0,1,1,0,1,1,1,1,1,1,1.0
235,308214,1,1,4,1,1,0,0,1,8,0,1,1,1,1,1,1,1,1,1,1,1,1,0,1,5,8,38,0,2,0,1,1,0,0,1,1,1,1,1,1,1,1,1,1.0
236,308215,1,1,2,1,1,0,0,0,10,0,1,1,1,1,0,1,1,0,0,0,1,1,1,0,5,7,39,1,2,0,1,1,1,0,1,1,1,1,1,0,1,1,0,0.0
237,308216,1,1,1,0,2,0,0,1,0,0,1,1,1,1,1,1,1,1,1,1,0,0,0,1,5,10,33,0,2,0,1,1,0,1,1,1,1,1,0,0,1,1,1,1.0
238,308217,1,0,2,1,1,0,0,0,8,0,0,0,1,0,0,0,0,0,0,0,0,0,0,1,1,4,37,1,2,0,1,1,0,0,0,0,0,0,0,1,0,0,0,0.0
239,308219,1,1,3,1,1,0,0,0,12,0,1,1,1,1,0,0,0,0,0,0,0,0,0,0,5,7,25,0,2,0,1,0,0,0,0,0,0,0,0,0,1,1,0,1.0
240,308220,1,1,2,0,1,2,0,1,7,0,1,1,1,1,1,1,1,1,1,0,0,1,1,0,5,3,42,0,1,0,1,1,0,0,1,0,0,1,0,1,1,0,0,1.0
241,308221,1,1,3,1,1,0,0,0,0,0,1,1,1,1,1,1,1,1,0,1,1,0,0,0,5,9,53,0,2,0,0,1,1,0,1,1,1,1,1,0,1,1,1,0.0
242,308222,1,1,2,1,1,2,0,0,8,0,1,1,1,1,1,1,1,1,1,1,1,0,1,1,5,17,41,1,1,0,1,1,1,1,1,1,1,1,1,1,1,1,1,1.0
243,308225,1,1,6,1,1,2,0,1,12,0,1,1,1,1,1,1,1,1,1,1,0,1,0,0,5,10,49,1,1,0,1,0,0,0,1,0,1,1,0,0,1,1,1,1.0
244,308227,1,1,2,1,1,1,0,1,0,0,1,0,0,1,1,1,1,1,1,1,0,0,0,0,3,5,18,-1,5,0,0,0,1,0,0,1,1,0,0,0,1,1,1,0.0
245,308228,1,1,2,1,1,1,0,0,12,0,1,0,1,1,0,1,0,0,0,0,0,0,0,0,3,4,33,0,1,1,0,1,0,0,0,0,0,0,0,0,0,1,0,1.0
246,308262,1,0,3,0,1,2,0,0,10,0,1,1,1,0,0,0,0,0,0,0,1,0,0,0,3,2,19,-2,1,0,0,1,1,0,1,0,0,0,1,0,1,1,0,0.0
247,308264,1,0,2,1,1,0,0,1,0,0,1,0,0,1,1,1,1,1,0,1,0,0,0,0,1,1,27,-1,2,0,1,0,0,0,1,0,1,0,0,0,0,1,0,0.0
248,308269,1,1,3,1,1,0,0,0,10,0,1,1,1,1,1,1,1,1,0,1,1,1,1,0,5,8,19,0,2,0,0,1,0,0,1,1,0,1,1,0,1,0,1,1.0
249,308270,1,1,5,1,1,0,0,1,7,0,1,1,1,1,1,1,1,1,1,1,1,1,1,1,5,7,22,-2,2,0,1,1,0,0,1,1,1,1,1,1,1,1,1,0.0
250,308271,1,1,5,1,1,0,0,1,8,0,1,1,1,1,1,1,1,1,1,1,1,1,0,0,5,12,34,0,2,0,1,0,0,0,1,0,1,1,1,1,1,1,0,0.0
251,308272,1,1,2,1,1,0,0,1,0,0,1,1,1,1,1,1,1,1,1,1,1,1,0,1,4,10,26,-2,2,0,1,1,1,0,1,1,1,1,1,1,1,1,1,1.0
252,308274,1,1,1,1,1,0,0,0,0,0,1,1,1,1,1,1,1,1,1,1,1,1,0,1,5,14,37,-1,2,0,0,1,0,0,0,1,1,1,1,1,1,1,1,1.0
253,308276,1,1,5,0,1,0,0,0,0,0,1,1,1,1,1,1,1,1,0,1,0,0,0,1,5,7,29,-2,2,0,1,0,0,0,1,1,1,1,1,1,1,1,1,0.0
254,308279,1,0,1,1,1,0,0,0,0,0,1,1,1,0,1,1,0,1,0,0,1,0,0,0,3,7,18,0,2,0,0,0,1,0,0,0,0,0,0,0,1,0,1,0.0
255,308281,1,1,5,0,1,0,1,1,7,0,1,1,1,1,1,1,1,1,1,1,1,1,1,1,5,11,36,1,2,0,1,1,0,0,1,1,0,1,1,1,1,1,1,1.0
256,308282,1,1,1,1,1,0,0,0,0,0,1,1,1,1,1,1,1,1,1,1,1,1,0,0,5,5,38,0,2,0,1,1,0,0,1,1,1,1,1,0,0,1,1,0.0
257,308283,1,1,2,0,1,0,0,0,12,0,1,0,0,0,1,1,1,0,1,0,0,0,0,0,1,1,34,-1,2,0,1,1,0,0,1,0,0,0,1,0,1,1,0,1.0
258,308285,1,1,1,1,1,0,0,0,12,0,1,1,1,0,0,1,1,1,0,1,0,0,0,0,3,4,19,0,2,0,0,0,0,0,1,0,0,0,0,0,0,0,0,1.0
259,308287,1,1,1,1,1,0,0,1,0,0,1,0,1,1,1,1,1,1,1,1,1,0,0,0,3,1,31,0,2,0,1,1,0,0,1,1,1,0,1,0,1,1,0,0.0
260,308288,1,1,6,1,1,2,0,0,10,0,1,1,1,1,0,1,0,0,0,0,0,0,0,0,5,4,51,-2,5,0,0,1,0,0,0,1,1,0,0,1,1,1,1,1.0
261,308291,1,1,2,1,1,1,0,0,12,0,1,0,1,1,0,1,0,0,0,0,0,0,0,1,3,5,20,0,5,0,1,1,0,0,1,1,1,0,1,0,0,0,0,0.0
262,308296,1,1,3,1,1,0,0,0,7,0,1,1,1,1,1,1,1,1,1,1,0,1,0,1,5,6,43,0,2,0,0,1,0,0,1,1,1,1,0,1,1,1,1,0.0
263,308297,1,1,6,1,1,0,0,1,5,0,1,1,1,1,1,1,1,1,0,1,1,0,0,0,5,8,39,-2,2,0,0,1,0,0,1,0,1,1,1,0,0,0,0,1.0
264,308299,1,1,1,1,1,2,0,0,5,0,1,1,1,1,1,1,1,1,1,1,0,0,1,0,5,6,30,0,1,0,1,1,0,0,1,1,1,1,0,0,1,1,1,0.0
265,308300,1,0,2,0,1,2,0,0,10,0,0,0,1,1,0,1,0,0,0,0,0,0,0,0,1,0,34,0,1,0,1,1,0,0,0,0,0,0,0,1,0,0,0,0.0
266,308301,1,0,2,1,1,0,0,0,1,0,1,0,1,1,0,0,1,0,0,0,0,0,0,0,3,1,44,2,2,0,0,0,0,0,1,0,0,0,0,0,1,0,0,1.0
267,308303,1,1,6,1,1,1,0,0,5,0,1,0,1,1,1,1,1,1,1,1,1,1,0,1,4,12,30,-1,5,0,0,0,0,0,1,1,0,1,1,1,1,1,0,1.0
268,308306,1,1,6,1,1,1,0,0,11,0,1,0,1,0,0,0,1,0,0,0,0,0,0,0,3,1,39,-2,1,0,0,1,0,0,1,0,0,0,0,0,1,1,0,1.0
269,308307,1,1,1,0,2,1,0,0,11,0,1,0,1,1,1,1,1,1,1,1,1,1,0,1,3,8,41,0,1,0,1,1,0,0,1,1,0,1,1,1,1,1,0,0.0
270,308310,1,1,1,0,1,0,0,0,8,0,1,1,1,1,1,1,1,1,1,1,1,1,1,0,5,15,38,2,2,0,1,0,1,0,1,1,1,1,1,0,1,1,1,0.0
271,308312,1,1,3,1,1,0,0,0,10,0,0,0,0,1,1,1,1,1,1,1,0,0,0,0,1,2,47,1,2,0,1,0,0,0,1,0,0,1,0,0,0,0,0,1.0
272,308313,1,0,5,1,1,2,0,0,8,0,1,1,1,1,1,1,1,1,1,1,1,1,1,0,5,6,32,-2,1,1,0,0,1,0,0,1,0,1,1,0,1,1,0,1.0
273,308314,1,1,5,0,2,2,0,0,5,0,1,1,1,1,1,1,1,1,1,1,0,0,0,0,5,7,28,0,1,0,0,1,0,0,1,1,0,0,0,0,1,1,0,1.0
274,308315,1,1,3,1,1,0,0,0,12,0,1,1,1,1,0,1,1,1,0,1,1,1,0,1,5,10,39,0,2,0,1,0,0,0,1,0,1,0,1,1,1,1,0,0.0
275,308316,1,1,5,1,1,2,0,1,0,0,1,1,1,1,1,1,1,1,0,1,1,0,0,1,5,12,26,-2,5,0,1,1,0,0,1,1,1,1,1,1,1,1,1,1.0
276,308317,1,1,5,1,1,0,0,1,11,0,1,1,1,1,1,1,1,1,1,1,1,1,0,0,5,4,53,1,2,0,1,1,0,0,1,1,1,1,1,0,0,1,1,1.0
277,308330,1,1,4,1,1,0,0,1,0,0,1,1,1,1,0,1,0,0,0,0,1,0,0,0,4,6,25,0,2,0,0,1,0,0,1,1,1,0,1,1,1,0,0,1.0
278,308331,1,1,1,0,1,0,0,0,0,0,1,1,1,1,0,1,1,0,0,0,0,0,0,0,4,4,19,-1,2,0,0,0,0,0,0,1,1,0,0,0,1,1,0,0.0
279,308382,1,1,3,1,1,0,0,0,8,0,1,1,1,1,1,1,1,1,0,1,1,0,0,1,5,8,41,-2,2,0,0,1,0,0,0,1,1,0,1,1,1,1,1,1.0
280,308384,1,0,1,0,1,0,0,0,12,0,1,0,0,1,0,1,1,1,0,0,0,0,0,0,2,0,25,0,2,0,0,0,0,0,1,0,0,0,0,0,0,0,1,1.0
281,308389,1,1,1,1,1,0,0,0,11,0,1,1,1,1,1,1,1,1,1,0,1,0,0,1,4,8,32,-1,2,0,0,1,0,0,0,0,0,0,1,1,0,1,1,1.0
282,308408,1,1,5,1,1,0,0,1,7,0,1,1,1,1,1,1,1,1,1,1,1,0,0,0,5,13,27,0,2,0,0,0,0,0,1,1,0,1,1,1,1,1,1,0.0
283,308409,1,1,4,1,1,0,0,0,6,0,1,1,1,1,1,1,1,1,0,1,1,1,0,1,5,6,42,0,2,0,1,1,1,0,1,1,1,1,1,1,1,1,1,1.0
284,308411,1,1,5,1,1,1,0,1,5,0,1,1,1,1,0,0,0,1,0,0,0,0,0,0,4,7,33,-1,5,0,1,1,1,0,1,0,0,0,1,1,1,1,1,0.0
285,308412,1,1,2,1,1,2,0,0,7,0,1,0,1,1,1,1,1,0,0,0,0,0,0,0,3,4,29,-1,1,0,0,0,0,0,0,0,0,0,0,0,0,1,0,1.0
286,308426,1,1,1,0,1,0,0,0,12,0,1,1,1,1,1,1,1,1,0,0,1,0,0,0,5,7,22,0,2,0,1,1,1,0,1,0,1,1,1,0,1,1,1,1.0
287,308427,1,1,2,1,1,1,0,0,10,0,1,1,1,1,1,1,1,1,1,1,1,0,1,1,4,10,34,-1,1,0,1,1,0,0,1,1,1,1,1,1,1,1,1,0.0
288,308429,1,1,1,1,1,0,0,0,5,0,1,0,0,1,0,0,0,0,0,0,1,0,0,1,2,1,41,1,2,0,0,1,0,0,1,0,0,0,1,1,0,1,1,0.0
289,308430,1,1,2,1,1,0,0,0,11,0,1,1,1,0,1,1,1,1,1,0,0,1,0,0,5,9,24,0,2,1,0,0,1,0,0,1,0,1,0,0,1,1,1,0.0
290,308431,1,1,1,0,1,0,0,0,10,0,1,1,1,1,0,1,1,0,0,0,1,0,0,0,5,6,43,0,2,0,1,0,0,0,1,0,0,0,1,0,1,0,1,1.0
291,308432,1,1,1,0,1,0,0,1,11,0,1,1,1,1,1,1,1,1,1,1,1,0,1,1,5,13,40,0,2,0,1,1,0,0,1,1,1,1,1,1,1,1,1,1.0
292,308433,1,0,1,1,2,0,0,1,0,0,1,1,1,1,0,1,1,1,1,1,1,1,0,1,5,10,31,-1,2,0,0,1,1,0,1,0,0,1,1,1,1,1,1,1.0
293,308434,1,1,5,1,1,2,0,1,5,0,1,1,1,1,0,1,0,1,0,0,1,0,0,0,4,6,35,0,5,0,0,0,0,0,1,0,0,1,1,0,1,0,1,1.0
294,308435,1,1,6,0,2,2,0,1,0,0,1,0,1,0,0,0,0,0,0,0,0,0,0,1,2,3,35,0,5,0,1,0,1,0,0,0,0,0,1,1,1,1,1,1.0
295,308436,1,0,2,0,1,0,0,0,11,0,1,1,1,1,0,1,1,1,0,1,0,0,0,0,5,5,32,0,2,1,1,1,0,0,0,0,0,0,0,0,1,0,1,1.0
296,308437,1,0,5,1,1,2,1,1,0,0,0,0,1,1,1,1,1,1,1,0,1,0,0,0,2,2,29,0,1,0,0,0,0,0,1,0,0,0,1,0,0,0,0,0.0
297,308438,1,0,5,1,1,2,0,0,11,0,1,1,1,1,0,1,0,0,0,1,1,0,0,0,3,5,29,-1,5,0,1,0,0,0,1,0,0,0,1,1,1,1,0,0.0
298,308439,1,1,1,1,1,0,0,0,8,0,1,1,1,0,0,0,0,0,0,0,0,0,0,1,4,12,49,1,2,0,0,0,0,0,0,0,0,0,0,1,1,1,0,0.0
299,308440,1,1,1,0,2,0,0,0,1,0,1,1,1,1,1,1,1,1,1,1,1,0,0,1,4,7,34,0,2,0,0,0,1,0,0,0,1,1,1,1,1,1,1,0.0
300,308441,1,1,1,1,1,0,0,0,11,0,1,1,1,1,1,1,1,1,1,1,0,1,0,1,5,3,42,-2,2,0,1,1,0,0,0,0,0,1,1,1,1,0,0,1.0
301,308442,1,1,5,1,1,2,0,0,12,0,0,0,0,0,0,0,0,0,0,0,0,0,0,1,0,2,34,-1,1,0,0,0,0,0,0,0,0,0,0,1,0,0,0,0.0
302,308457,1,1,1,1,1,0,0,0,7,0,1,0,1,1,0,1,1,0,1,0,0,0,0,0,3,1,48,2,2,0,0,0,0,0,1,0,0,0,0,0,0,0,0,1.0
303,308487,1,1,1,1,1,0,0,0,10,0,1,0,1,1,1,1,1,1,0,1,1,0,0,0,3,6,31,0,2,0,0,1,0,0,1,0,0,0,1,0,1,1,1,1.0
304,308492,1,1,4,1,1,0,0,0,12,0,1,0,0,1,0,1,0,0,0,0,0,0,0,0,1,5,22,0,2,0,0,1,1,0,1,0,0,0,0,0,0,1,0,0.0
305,308498,1,1,4,1,1,1,0,0,1,0,1,1,1,1,1,1,0,0,1,0,0,1,0,1,5,5,40,0,1,0,1,1,0,0,0,0,0,0,0,1,1,1,1,1.0
306,308515,1,0,6,1,1,0,0,1,7,0,1,1,1,1,0,1,1,0,0,0,0,0,1,0,5,6,42,0,2,0,0,0,1,0,1,0,0,1,1,1,1,1,0,1.0
307,308548,1,0,1,1,1,0,0,0,12,0,1,0,0,0,0,1,0,0,0,0,0,0,0,0,1,1,22,-1,2,0,0,0,0,0,1,0,0,0,0,0,0,0,1,1.0
308,308554,1,0,5,1,1,0,0,1,11,0,0,1,1,1,1,1,1,1,1,1,1,1,1,1,4,14,37,-2,2,0,1,0,0,1,1,0,1,1,1,1,1,1,1,1.0
309,308555,1,1,2,1,1,0,0,0,10,0,1,0,1,1,1,1,1,1,1,1,1,0,0,0,4,7,20,-1,2,0,1,1,0,0,1,0,0,0,1,0,1,0,1,1.0
310,308556,1,0,2,1,1,0,0,0,11,0,1,0,1,0,0,1,0,0,0,0,0,0,0,0,2,3,18,0,2,0,0,0,0,0,0,0,0,0,0,0,0,0,0,0.0
311,308578,1,1,1,1,1,0,0,0,1,0,0,0,0,0,0,0,0,0,0,0,0,0,0,0,999,0,64,0,2,0,0,0,0,0,0,0,0,0,0,0,0,0,0,1.0
312,308596,1,1,5,1,1,0,0,1,6,0,1,1,1,1,1,1,1,1,1,1,1,1,0,0,5,7,42,0,2,0,0,0,0,0,1,0,1,1,1,1,1,1,1,0.0
313,308599,1,1,1,1,1,1,0,0,8,1,0,0,1,0,0,1,0,0,0,0,1,0,0,0,1,3,41,0,1,0,1,1,1,0,0,0,0,0,1,1,1,0,0,1.0
314,308629,1,1,4,1,1,0,0,0,7,0,1,1,1,1,1,1,1,1,1,1,1,0,0,1,5,6,41,0,2,0,1,1,0,0,1,1,0,0,1,1,1,1,1,0.0
315,309009,0,0,5,0,0,2,0,0,12,0,0,0,1,0,0,0,0,0,0,0,0,0,0,0,1,0,51,1,1,0,0,0,0,0,0,0,0,0,0,0,0,0,0,1.0
316,309010,0,0,5,0,0,2,0,0,11,0,0,0,0,0,0,0,0,0,0,0,0,0,0,0,0,1,27,0,5,0,0,0,0,0,1,0,0,0,0,0,0,0,0,1.0
317,309011,0,0,6,0,0,0,0,0,11,0,0,0,0,0,0,0,0,0,0,0,0,0,0,0,0,0,55,-1,2,0,0,0,0,0,0,0,0,0,0,0,0,0,0,1.0
318,309012,0,0,4,0,0,1,0,0,0,0,0,0,0,0,0,0,0,0,0,0,0,0,0,0,0,0,38,0,1,0,0,0,0,0,0,0,0,0,0,0,0,0,0,1.0
319,309013,0,0,4,0,0,2,0,0,0,0,0,0,1,0,0,0,0,0,0,0,0,0,0,0,1,0,23,0,5,0,0,0,0,0,0,0,0,0,0,0,0,0,0,0.0
320,309014,0,0,6,0,0,2,0,0,8,0,1,0,0,0,0,0,0,0,0,0,0,0,0,0,2,0,41,-1,5,0,0,0,0,0,0,0,0,0,0,0,0,0,0,1.0
321,309015,0,0,6,0,0,1,0,0,12,0,0,0,0,0,0,0,0,0,0,0,0,0,0,0,0,0,54,-2,5,0,0,0,0,0,0,0,0,0,0,0,0,0,0,0.0
322,309016,0,0,1,0,0,0,0,0,12,0,1,0,0,0,0,0,0,0,0,0,0,0,0,0,1,1,35,-1,2,0,0,1,0,0,0,0,0,0,0,0,0,0,0,0.0
323,309017,0,1,3,0,0,0,0,0,0,0,0,0,0,0,0,0,0,0,0,0,0,0,0,0,0,3,20,0,2,0,0,0,0,0,0,0,0,0,0,0,0,0,0,1.0
324,309018,0,0,2,0,0,2,0,0,7,0,1,1,1,0,0,0,0,0,0,0,0,0,0,0,3,0,34,0,1,0,0,0,0,0,0,0,0,0,0,0,0,0,0,1.0
325,309019,0,0,1,0,0,2,0,0,11,0,1,1,1,0,0,0,0,0,0,0,0,0,0,0,5,3,38,0,3,0,0,1,0,0,0,0,0,0,0,0,0,0,0,1.0
326,309020,0,1,6,0,0,0,0,0,6,0,0,0,0,0,0,0,0,0,0,0,0,0,0,0,1,1,59,0,2,0,0,0,0,0,1,0,0,0,0,0,0,0,0,1.0
327,309021,0,0,3,0,0,0,0,0,10,0,0,0,0,0,0,0,0,0,0,0,0,0,0,0,0,0,42,-1,2,0,0,0,0,0,0,0,0,0,0,0,0,0,0,1.0
328,309022,0,0,2,0,0,0,0,0,12,0,0,0,0,0,0,0,0,0,0,0,0,0,0,0,0,0,44,0,2,0,0,0,0,0,1,0,0,0,0,0,0,0,0,1.0
329,309023,0,0,5,0,0,0,0,0,10,0,0,0,0,0,0,0,0,0,0,0,0,0,0,0,0,0,39,-1,2,0,0,0,0,0,1,0,0,0,0,0,0,0,0,1.0
330,309024,0,0,5,0,0,1,0,0,12,0,1,0,1,0,0,0,0,0,0,0,0,0,0,0,2,0,48,2,1,0,0,0,0,0,0,0,0,0,0,0,0,0,0,1.0
331,309025,0,0,1,0,0,999,0,0,10,0,1,0,0,0,0,0,0,0,0,0,0,0,0,0,1,0,36,0,7,0,0,0,0,0,0,0,0,0,0,0,0,0,0,1.0
332,309026,0,0,2,0,0,1,0,0,10,0,0,0,0,0,0,0,0,0,0,0,0,0,0,0,0,0,37,-2,1,0,0,1,0,0,0,0,0,0,0,0,0,0,0,1.0
333,309027,0,0,1,0,0,0,0,0,12,0,0,0,0,0,0,0,0,0,0,0,0,0,0,0,0,0,49,2,2,0,0,0,0,0,1,0,0,0,0,0,0,0,0,1.0
334,309028,0,0,1,0,0,2,0,0,11,0,0,0,1,0,0,0,0,0,0,0,0,0,0,0,1,2,25,0,1,0,0,0,0,0,0,0,0,0,0,0,0,0,0,0.0
335,309029,0,0,6,0,0,0,0,0,10,0,0,0,0,0,0,0,0,0,0,0,0,0,0,0,0,0,39,-1,2,0,0,0,0,0,1,0,0,0,0,0,0,0,0,0.0
336,309030,0,1,5,0,0,1,0,0,11,0,1,1,0,0,0,0,0,0,0,0,0,0,0,0,3,1,50,-1,5,0,0,0,0,0,0,0,0,0,0,0,0,0,0,1.0
337,309031,0,0,1,0,0,2,0,0,10,0,1,0,1,0,0,0,0,0,0,0,0,0,0,0,2,1,45,1,1,0,0,0,0,0,1,0,0,0,0,0,0,0,0,1.0
338,309036,0,0,1,0,0,0,0,0,0,0,0,0,0,0,0,0,0,0,0,0,0,0,0,0,0,0,20,0,2,0,0,0,0,0,0,0,0,0,0,0,0,0,0,1.0
339,309038,0,1,6,0,0,2,0,0,11,0,0,0,0,0,0,0,0,0,0,0,0,0,0,0,1,1,43,0,5,0,0,1,0,0,0,0,0,0,0,0,0,0,0,0.0
340,309039,0,0,1,0,0,0,0,0,8,0,0,0,1,0,0,0,0,0,0,0,0,0,0,0,2,1,39,0,2,0,0,0,0,0,1,0,0,0,0,0,0,0,0,1.0
341,309040,0,0,2,0,0,1,0,0,12,0,0,0,1,0,0,0,0,0,0,0,0,0,0,0,1,0,51,0,1,0,0,0,0,0,0,0,0,0,0,0,0,0,0,1.0
342,309041,0,0,5,0,0,0,0,0,0,0,0,0,0,0,0,0,0,0,0,0,0,0,0,0,0,0,46,0,2,0,0,0,0,0,0,0,0,0,0,0,0,0,0,1.0
343,309054,0,1,3,0,0,0,0,0,0,0,1,1,0,0,0,0,0,0,0,0,0,0,0,0,3,6,46,0,2,0,0,1,0,0,1,0,0,0,0,0,0,0,0,1.0
344,309065,0,0,5,0,0,0,0,0,12,0,0,0,0,0,0,0,0,0,0,0,0,0,0,0,0,0,25,0,2,0,0,0,0,0,0,0,0,0,0,0,0,0,0,1.0
345,309078,0,0,3,0,0,0,0,0,8,0,1,0,0,0,0,0,0,0,0,0,0,0,0,0,2,0,21,0,2,0,0,0,0,0,1,0,0,0,0,0,0,0,0,1.0
346,309083,0,0,5,0,0,0,0,0,10,0,1,0,0,0,0,0,0,0,0,0,0,0,0,0,2,0,50,-1,2,0,0,0,0,0,0,0,0,0,0,0,0,0,0,1.0
347,309094,0,1,6,0,0,0,0,0,0,0,0,1,1,0,0,0,0,0,0,0,0,0,0,0,3,1,54,-2,2,0,0,1,0,1,0,0,0,0,0,0,0,0,0,0.0
348,309096,0,0,1,0,0,2,0,0,11,0,0,0,1,0,0,0,0,0,0,0,0,0,0,0,1,0,27,-2,1,0,0,1,0,0,1,0,0,0,0,0,0,0,0,1.0
349,309101,0,0,5,0,0,0,0,0,12,0,0,0,0,0,0,0,0,0,0,0,0,0,0,0,0,2,34,0,2,0,0,0,0,0,0,0,0,0,0,0,0,0,0,1.0
350,309127,0,1,6,0,0,2,0,0,0,0,0,0,0,0,0,0,0,0,0,0,0,0,0,0,0,0,38,-1,5,0,0,0,0,0,0,0,0,0,0,0,0,0,0,1.0
351,309143,0,0,6,0,0,0,0,0,0,0,1,1,1,0,0,0,0,0,0,0,0,0,0,0,5,1,42,-3,2,0,1,0,0,0,1,0,0,0,0,0,0,0,0,1.0
352,309154,0,0,4,0,0,2,0,0,7,0,1,0,1,0,0,0,0,0,0,0,0,0,0,0,2,1,23,0,3,0,0,0,0,0,1,0,0,0,0,0,0,0,0,1.0
353,309157,0,0,1,0,0,1,0,0,7,0,1,1,1,0,0,0,0,0,0,0,0,0,0,0,4,1,32,-2,1,0,0,1,1,1,1,0,0,0,0,0,0,0,0,1.0
354,309158,0,0,3,0,0,2,0,0,11,0,0,0,0,0,0,0,0,0,0,0,0,0,0,0,2,1,39,0,5,0,0,0,0,0,0,0,0,0,0,0,0,0,0,1.0
355,309159,0,1,1,0,0,0,0,0,0,0,1,1,1,0,0,0,0,0,0,0,0,0,0,0,5,5,29,-2,2,0,0,1,0,0,0,0,0,0,0,0,0,0,0,0.0
356,309179,0,1,4,0,0,0,0,0,0,0,0,0,0,0,0,0,0,0,0,0,0,0,0,0,0,0,36,0,2,0,0,0,0,0,1,0,0,0,0,0,0,0,0,1.0
357,309184,0,0,2,0,0,0,0,0,10,0,0,0,0,0,0,0,0,0,0,0,0,0,0,0,0,0,19,-1,2,0,0,0,0,0,0,0,0,0,0,0,0,0,0,1.0
358,309195,0,1,1,0,0,2,0,0,0,0,1,0,0,0,0,0,0,0,0,0,0,0,0,0,1,0,41,0,1,0,0,0,0,0,0,0,0,0,0,0,0,0,0,1.0
359,309218,0,0,6,0,0,1,0,0,12,0,0,0,0,0,0,0,0,0,0,0,0,0,0,0,0,0,43,-1,5,0,0,0,0,0,0,0,0,0,0,0,0,0,0,1.0
360,309226,0,0,5,0,0,2,0,0,11,0,0,0,0,0,0,0,0,0,0,0,0,0,0,0,0,0,32,0,5,0,0,0,0,0,0,0,0,0,0,0,0,0,0,1.0
361,309263,0,0,5,0,0,0,0,0,8,0,0,0,0,0,0,0,0,0,0,0,0,0,0,0,0,0,48,0,2,0,0,1,0,0,0,0,0,0,0,0,0,0,0,1.0
362,309267,0,0,5,0,0,0,0,0,12,0,0,0,0,0,0,0,0,0,0,0,0,0,0,0,0,0,49,1,2,0,0,0,0,0,1,0,0,0,0,0,0,0,0,1.0
363,309275,0,0,2,0,0,2,0,0,12,0,1,0,1,0,0,0,0,0,0,0,0,0,0,0,3,4,46,2,1,1,0,1,0,0,0,0,0,0,0,0,0,0,0,1.0
364,309286,0,1,6,0,0,0,0,0,10,0,1,1,1,0,0,0,0,0,0,0,0,0,0,0,4,5,42,0,2,0,1,1,0,0,1,0,0,0,0,0,0,0,0,1.0
365,309289,0,0,2,0,0,0,0,0,10,0,0,0,1,0,0,0,0,0,0,0,0,0,0,0,1,1,26,-1,2,0,0,0,0,0,0,0,0,0,0,0,0,0,0,1.0
366,309290,0,0,2,0,0,0,0,0,12,0,1,1,0,0,0,0,0,0,0,0,0,0,0,0,2,2,21,0,2,0,0,0,0,0,1,0,0,0,0,0,0,0,0,0.0
367,309292,0,0,2,0,0,0,0,0,11,0,1,0,1,0,0,0,0,0,0,0,0,0,0,0,2,2,19,-1,2,0,0,0,0,0,1,0,0,0,0,0,0,0,0,0.0
368,309308,0,0,5,0,0,2,0,0,12,0,0,0,0,0,0,0,0,0,0,0,0,0,0,0,1,1,39,0,1,0,0,0,0,0,0,0,0,0,0,0,0,0,0,1.0
369,309311,0,0,1,0,0,0,0,0,12,0,0,0,0,0,0,0,0,0,0,0,0,0,0,0,2,1,24,0,2,0,1,0,0,0,1,0,0,0,0,0,0,0,0,1.0
370,309390,0,0,2,0,0,2,0,0,11,0,0,0,0,0,0,0,0,0,0,0,0,0,0,0,0,0,40,0,1,0,0,0,0,0,0,0,0,0,0,0,0,0,0,1.0
371,309393,0,0,2,0,0,0,0,0,12,0,1,1,1,0,0,0,0,0,0,0,0,0,0,0,3,0,34,0,2,0,0,0,0,0,1,0,0,0,0,0,0,0,0,1.0
372,309406,0,0,4,0,0,0,0,0,11,0,0,0,0,0,0,0,0,0,0,0,0,0,0,0,0,1,27,0,2,0,0,0,0,0,0,0,0,0,0,0,0,0,0,1.0
373,309407,0,1,5,0,0,2,0,0,12,0,0,0,1,0,0,0,0,0,0,0,0,0,0,0,1,2,51,0,1,0,0,1,0,0,0,0,0,0,0,0,0,0,0,1.0
374,309414,0,0,5,0,0,2,0,0,10,0,0,0,0,0,0,0,0,0,0,0,0,0,0,0,0,0,33,-2,5,0,0,0,0,0,0,0,0,0,0,0,0,0,0,1.0
375,309416,0,0,2,0,0,0,0,0,11,0,1,0,0,0,0,0,0,0,0,0,0,0,0,0,1,0,18,0,2,0,1,0,0,0,1,0,0,0,0,0,0,0,0,1.0
376,309420,0,0,6,0,0,0,0,0,11,0,0,0,0,0,0,0,0,0,0,0,0,0,0,0,0,0,43,-2,2,0,0,0,0,0,0,0,0,0,0,0,0,0,0,1.0
377,309422,0,1,1,0,0,0,0,0,11,0,0,0,0,0,0,0,0,0,0,0,0,0,0,0,0,0,26,1,2,0,0,0,0,0,0,0,0,0,0,0,0,0,0,1.0
378,309477,0,1,6,0,0,0,0,0,12,0,0,0,0,0,0,0,0,0,0,0,0,0,0,0,0,0,47,0,2,0,0,0,0,0,0,0,0,0,0,0,0,0,0,1.0
379,309502,0,0,5,0,0,1,0,0,11,0,1,0,0,0,0,0,0,0,0,0,0,0,0,0,1,5,32,-3,1,0,0,0,0,0,0,0,0,0,0,0,0,0,0,1.0
380,309511,0,0,3,0,0,1,0,0,12,0,0,0,0,0,0,0,0,0,0,0,0,0,0,0,1,0,21,-1,5,0,0,0,0,0,0,0,0,0,0,0,0,0,0,1.0
381,309574,0,1,6,0,0,0,0,0,10,0,0,0,0,0,0,0,0,0,0,0,0,0,0,0,0,0,53,0,2,0,0,0,0,1,0,0,0,0,0,0,0,0,0,0.0
382,309580,0,1,5,0,0,0,0,0,0,0,0,0,0,0,0,0,0,0,0,0,0,0,0,0,0,0,47,0,2,0,1,1,0,0,0,0,0,0,0,0,0,0,0,1.0
383,309608,0,0,6,0,0,0,0,0,12,0,0,0,1,0,0,0,0,0,0,0,0,0,0,0,1,1,43,-3,2,0,0,0,0,0,0,0,0,0,0,0,0,0,0,0.0
384,309609,0,1,6,0,0,0,0,0,12,0,0,0,0,0,0,0,0,0,0,0,0,0,0,0,0,1,43,-1,2,0,0,0,0,0,0,0,0,0,0,0,0,0,0,1.0
385,309681,0,1,1,0,0,1,0,0,6,0,0,0,0,0,0,0,0,0,0,0,0,0,0,0,0,0,43,-1,1,0,0,0,0,0,0,0,0,0,0,0,0,0,0,1.0
386,309682,0,0,5,0,0,0,0,0,6,0,1,1,1,0,0,0,0,0,0,0,0,0,0,0,4,11,39,0,2,0,0,1,0,0,0,0,0,1,1,1,1,1,1,1.0
387,318475,1,1,2,1,1,0,1,1,0,0,1,1,1,1,1,1,1,1,1,1,0,1,1,1,5,7,35,0,2,0,1,1,0,0,1,1,1,1,0,0,1,0,1,1.0
388,318483,1,0,3,1,1,1,0,0,11,0,1,0,1,0,0,1,0,0,0,0,0,0,0,0,2,0,27,0,1,0,0,0,0,0,0,0,0,0,0,0,0,0,0,0.0
389,318484,1,1,4,1,1,0,0,0,5,0,1,1,1,1,0,1,1,1,0,1,1,0,0,1,5,7,37,0,2,0,1,0,1,0,1,0,1,0,1,1,1,0,1,1.0
390,318485,1,1,2,0,1,1,0,0,10,0,1,0,1,1,0,1,0,0,0,0,0,0,0,0,2,5,45,0,1,0,0,0,0,0,1,0,0,1,1,0,1,1,1,1.0
391,318488,1,0,2,1,1,1,0,0,12,0,1,1,1,0,0,1,0,0,0,0,0,0,0,0,4,6,20,0,1,0,0,1,0,0,1,0,0,0,0,0,1,1,1,1.0
392,318489,1,1,4,1,1,0,1,0,0,1,1,1,1,1,0,1,1,0,0,0,1,0,0,0,3,4,22,0,2,0,0,1,0,0,1,0,1,0,1,0,1,1,0,1.0
393,318491,1,1,5,1,1,0,0,0,11,0,1,1,1,0,0,1,1,1,1,1,1,0,0,0,5,10,33,0,2,0,1,1,0,0,1,0,0,1,1,1,1,1,1,1.0
394,318493,1,1,2,1,2,2,0,0,7,0,1,0,1,1,0,0,0,0,0,0,0,0,0,1,4,3,42,-1,4,0,0,0,0,0,0,0,0,0,0,1,1,1,1,0.0
395,318497,1,1,1,0,1,0,0,0,12,0,1,1,1,1,1,1,1,0,0,1,0,0,0,1,5,3,37,-1,2,0,0,0,0,0,1,0,0,0,1,1,1,0,0,1.0
396,318499,1,1,1,0,1,0,0,1,11,0,1,1,1,1,1,1,0,1,1,1,1,0,1,1,5,13,41,0,2,0,1,1,1,0,1,1,1,1,1,1,1,1,1,1.0
397,318504,1,1,1,0,1,0,1,0,8,0,1,1,1,1,0,1,1,1,0,1,1,0,0,1,4,5,19,-1,2,0,0,1,0,0,0,1,1,0,1,1,1,1,1,1.0
398,318505,1,1,5,1,1,0,0,0,12,0,1,0,0,1,0,1,0,0,0,0,0,0,0,0,1,0,51,2,2,0,0,1,0,1,0,0,0,0,1,0,0,0,0,0.0
399,318506,1,1,5,1,1,2,1,0,12,0,1,0,0,1,1,1,0,0,0,0,0,0,0,0,3,3,22,0,4,0,0,1,1,0,1,0,0,0,0,0,0,1,0,1.0
400,318516,1,1,3,1,1,0,0,0,1,0,1,0,0,1,0,1,0,0,0,0,0,0,0,0,2,3,40,0,2,0,1,1,0,0,1,1,0,0,0,0,1,0,1,1.0
401,318557,1,1,4,1,1,0,0,1,12,0,1,1,1,1,1,1,1,1,1,1,1,1,0,1,4,11,19,-2,2,0,0,0,1,0,1,1,1,1,1,1,1,1,1,1.0
402,318558,1,1,1,0,1,0,0,0,8,0,1,0,0,0,0,0,0,0,0,0,0,0,1,1,2,2,18,0,2,0,1,0,0,0,1,0,0,1,0,1,0,0,1,1.0
403,318597,1,1,1,1,1,1,0,0,12,0,1,1,0,1,0,1,0,0,0,0,0,0,0,0,2,5,29,-1,1,0,0,0,0,0,0,0,0,0,0,0,0,0,0,0.0
404,318598,1,1,6,1,1,0,0,0,0,0,1,1,1,1,1,1,1,1,0,0,0,0,0,1,5,1,40,-2,2,0,0,0,0,0,0,0,0,0,0,1,0,0,0,0.0
405,318601,1,1,4,1,1,0,0,0,0,0,1,1,1,0,0,1,1,0,0,0,1,0,1,1,5,7,45,0,2,0,1,1,0,0,1,0,0,1,1,1,1,0,1,0.0
406,318602,1,0,1,1,1,2,0,0,12,1,1,1,1,1,0,1,0,0,0,0,1,0,0,0,3,1,32,1,1,0,0,0,0,0,1,0,0,0,1,0,0,0,1,1.0
407,318607,1,1,6,1,1,0,0,0,1,0,1,1,1,1,0,1,1,0,0,0,0,0,0,1,5,3,47,0,2,0,0,1,0,0,1,0,0,1,1,1,1,0,0,1.0
408,318630,1,1,3,0,2,0,0,1,10,0,1,1,1,1,1,0,1,1,0,1,1,1,0,0,5,7,27,-1,2,0,1,1,0,1,1,1,1,0,1,1,1,1,1,1.0
409,318631,1,1,1,0,1,0,0,0,10,0,1,0,1,0,1,1,0,0,0,0,0,0,0,1,3,6,20,0,2,0,0,1,1,0,0,1,0,0,0,1,1,1,1,1.0
410,318632,1,1,6,1,1,0,0,0,1,0,1,1,1,1,1,1,1,1,0,1,0,0,1,1,5,8,36,-3,2,0,0,0,0,0,1,0,0,1,1,1,1,1,1,0.0
411,318633,1,0,1,0,1,2,0,1,11,0,1,1,1,1,1,1,1,0,1,0,0,0,0,0,4,9,38,-1,5,0,1,1,1,1,1,0,0,0,1,0,1,1,0,1.0
412,318634,1,1,1,0,1,0,0,0,11,0,1,0,1,0,0,1,0,1,0,0,0,0,0,0,3,4,22,0,2,0,0,0,1,0,0,0,0,0,0,0,0,0,0,1.0
413,318635,1,1,4,1,1,0,0,0,6,0,0,1,1,1,0,1,1,0,0,0,0,0,0,0,3,2,41,0,2,0,1,1,0,0,0,0,0,0,0,0,0,0,0,1.0
414,318636,1,0,4,1,1,0,0,0,12,0,1,1,1,1,0,1,0,1,0,0,1,1,0,0,4,2,26,-3,2,0,0,0,0,0,1,0,0,1,1,0,1,0,1,0.0
415,318637,1,1,5,1,1,2,0,1,10,0,1,1,1,1,0,1,1,1,0,0,1,0,0,0,5,10,40,0,1,0,0,1,1,0,1,0,0,0,1,0,1,1,1,0.0
416,318638,1,1,5,1,1,0,0,1,11,0,0,1,1,1,0,0,0,1,0,0,0,0,0,0,2,2,22,-1,2,0,0,0,0,0,0,0,0,0,0,0,0,0,0,0.0
417,318639,1,0,3,1,1,1,0,0,10,0,1,0,1,0,0,1,0,0,0,0,0,0,0,0,3,3,37,-1,1,0,1,0,0,0,1,0,0,0,0,0,1,0,1,0.0
418,318640,1,0,5,1,1,0,0,0,11,0,0,0,0,0,1,0,1,0,0,0,0,0,0,0,0,2,50,1,2,1,0,0,0,0,0,0,0,0,0,0,0,0,1,1.0
419,318641,1,1,4,1,1,2,0,0,12,0,1,1,1,1,0,1,0,1,1,1,1,0,0,0,4,6,31,0,5,0,0,0,0,0,1,0,0,1,1,0,1,1,0,1.0
420,318642,1,1,3,1,1,0,0,1,0,0,1,1,0,1,1,1,1,1,0,1,1,0,0,1,4,5,19,-2,2,0,1,1,0,0,1,0,0,1,1,1,1,0,1,1.0
421,318643,1,1,1,1,1,2,0,0,0,0,1,0,1,1,0,1,1,0,0,0,1,0,0,0,4,2,34,-2,1,0,0,1,0,0,0,0,0,0,0,0,1,1,0,1.0
422,318644,1,1,5,1,1,0,0,1,6,0,1,1,1,1,1,1,1,1,1,1,1,1,1,1,5,13,27,0,2,0,1,1,1,0,1,0,0,1,1,1,1,1,1,1.0
423,318654,1,1,4,1,1,2,0,0,11,0,0,1,1,0,1,1,0,0,1,0,0,0,0,1,2,3,28,0,1,0,0,0,0,0,0,0,0,0,1,1,0,0,0,1.0
424,318655,1,0,2,1,1,0,0,0,10,0,1,0,1,1,0,1,1,0,0,0,1,1,0,0,4,6,46,0,2,0,0,1,0,0,0,0,0,1,1,0,0,0,1,1.0
425,318656,1,1,5,0,1,0,0,0,11,0,1,0,0,0,0,1,0,0,0,0,0,0,0,0,1,1,30,0,2,0,0,0,0,0,1,0,0,0,0,0,1,1,0,1.0
426,318658,1,1,5,1,1,0,0,0,0,0,0,0,0,0,0,1,0,0,0,0,0,0,0,0,1,0,33,0,2,0,0,0,0,0,0,0,0,0,0,0,0,0,0,0.0
427,318660,1,0,2,1,1,2,0,0,12,0,0,0,0,0,0,0,0,1,0,0,0,0,0,0,1,0,33,0,1,0,0,0,0,0,0,0,0,0,0,0,0,0,0,1.0
428,318661,1,1,1,1,1,2,0,0,12,0,1,0,1,0,0,1,1,0,0,0,0,0,0,0,3,1,28,0,1,0,1,1,0,0,0,0,0,0,0,0,0,0,0,1.0
429,318662,1,1,4,1,1,2,0,0,7,0,1,1,1,1,0,1,1,1,0,1,0,0,0,0,5,7,26,0,1,0,0,0,0,0,1,0,0,0,0,1,0,0,0,1.0
430,318663,1,1,2,1,1,0,0,1,8,0,1,1,1,1,0,1,0,1,0,0,0,0,0,0,5,3,18,-2,2,0,1,0,0,0,1,1,0,0,0,0,1,1,0,1.0
431,318682,1,1,1,0,2,0,0,0,11,0,1,1,1,1,0,1,1,1,0,1,1,0,0,1,5,9,26,0,2,1,1,1,0,0,1,1,1,1,0,1,1,0,1,1.0
432,318683,1,1,4,1,1,0,0,0,0,0,1,1,1,1,0,1,1,1,0,1,1,1,0,1,4,4,32,-1,2,0,1,0,1,0,1,1,1,1,1,1,1,1,1,1.0
433,318684,1,0,2,1,1,1,0,0,12,0,0,0,1,0,0,0,1,0,0,0,0,0,0,0,1,0,20,-1,5,0,0,0,0,0,0,0,0,0,0,0,0,0,0,0.0
434,318687,1,1,5,1,1,0,0,1,6,0,1,1,1,1,1,1,1,1,1,1,1,0,0,1,5,10,43,-1,2,0,1,1,1,0,1,0,1,0,1,1,1,1,1,1.0
435,318688,1,1,1,1,1,0,0,1,8,0,1,1,1,1,1,1,1,1,1,1,1,1,1,1,5,7,27,0,2,0,0,0,0,0,1,1,1,1,1,1,1,1,1,1.0
436,318689,1,1,6,1,1,0,0,1,0,0,1,0,0,1,0,0,0,0,0,0,0,0,0,0,2,2,51,0,2,0,1,1,0,1,1,0,0,1,1,1,1,0,1,1.0
437,318690,1,1,2,1,1,0,0,0,7,0,1,1,1,1,1,1,1,1,1,1,1,0,1,1,5,12,24,-1,2,1,0,0,1,0,0,0,1,1,1,1,1,1,1,1.0
438,318691,1,1,4,1,1,1,0,1,12,0,1,1,1,1,0,1,1,1,0,1,0,0,0,1,5,6,22,-1,5,0,0,0,1,0,1,1,1,0,0,1,1,1,1,1.0
439,318693,1,1,2,0,1,0,0,1,12,0,1,1,1,0,0,0,1,1,0,1,1,0,0,1,5,5,33,-2,2,0,1,1,0,0,1,0,0,0,1,0,1,1,1,1.0
440,318694,1,1,5,1,1,1,0,0,0,0,1,1,1,1,1,1,1,1,1,1,1,1,1,0,5,11,34,0,1,0,1,0,0,0,1,1,1,1,1,1,1,1,0,1.0
441,319475,0,0,2,0,0,0,1,0,11,0,0,0,0,0,0,0,0,0,0,0,0,0,0,0,0,0,35,0,2,0,0,0,0,0,0,0,0,0,0,0,0,0,0,1.0
442,319478,0,0,5,0,0,0,0,0,11,0,1,0,0,0,0,0,0,0,0,0,0,0,0,0,2,1,54,1,2,0,0,1,0,0,1,0,0,0,0,0,0,0,0,1.0
443,319480,0,1,3,0,0,0,0,0,6,1,0,0,0,0,0,0,0,0,0,0,0,0,0,0,1,1,34,0,2,0,0,0,0,0,0,0,0,0,0,0,0,0,0,1.0
444,319481,0,0,4,0,0,1,1,0,11,0,0,0,0,0,0,0,0,0,0,0,0,0,0,0,0,0,29,-1,5,0,0,0,0,0,0,0,0,0,0,0,0,0,0,1.0
445,319512,0,0,4,0,0,0,0,0,12,0,0,0,0,0,0,0,0,0,0,0,0,0,0,0,0,1,44,-2,2,0,0,0,0,0,0,0,0,0,0,0,0,0,0,1.0
446,319514,0,0,2,0,0,1,0,0,12,0,0,0,0,0,0,0,0,0,0,0,0,0,0,0,0,0,38,-2,1,0,0,0,0,0,0,0,0,0,0,0,0,0,0,1.0
447,319575,0,0,3,0,0,0,0,0,12,0,0,0,0,0,0,0,0,0,0,0,0,0,0,0,0,0,33,-1,2,0,0,0,0,0,0,0,0,0,0,0,0,0,0,1.0
448,319576,0,0,1,0,0,0,0,0,12,0,0,0,0,0,0,0,0,0,0,0,0,0,0,0,0,0,45,0,2,0,0,0,0,0,0,0,0,0,0,0,0,0,0,1.0
449,319577,0,1,6,0,0,2,0,0,11,0,0,0,1,0,0,0,0,0,0,0,0,0,0,0,1,0,42,-2,5,0,0,0,0,0,1,0,0,0,0,0,0,0,0,0.0
450,319603,0,0,1,0,0,1,0,0,11,0,1,1,0,0,0,0,0,0,0,0,0,0,0,0,2,0,41,-1,1,0,0,1,0,0,0,0,0,0,0,0,0,0,0,0.0
451,319604,0,1,1,0,0,0,0,0,12,1,1,1,0,0,0,0,0,0,0,0,0,0,0,0,3,3,50,2,2,0,0,0,0,0,0,0,0,0,0,0,0,0,0,1.0
452,319605,0,0,2,0,0,0,0,0,6,0,0,0,1,0,0,0,0,0,0,0,0,0,0,0,1,2,51,2,2,0,0,1,1,0,0,0,0,0,0,0,0,0,0,1.0
453,319606,0,0,5,0,0,0,0,0,10,0,1,0,1,0,0,0,0,0,0,0,0,0,0,0,3,1,30,0,2,0,0,0,0,0,1,0,0,0,0,0,0,0,0,1.0
454,319646,0,0,6,0,0,0,0,0,12,0,0,0,0,0,0,0,0,0,0,0,0,0,0,0,0,0,56,0,2,0,0,0,0,0,1,0,0,0,0,0,0,0,0,1.0
455,319647,0,1,1,0,0,0,0,0,12,0,0,0,0,0,0,0,0,0,0,0,0,0,0,0,0,0,46,1,2,0,0,0,0,0,0,0,0,0,0,0,0,0,0,1.0
456,319648,0,0,1,0,0,0,0,0,10,0,0,0,0,0,0,0,0,0,0,0,0,0,0,0,1,0,42,0,2,0,0,1,0,0,1,0,0,0,0,0,0,0,0,1.0
457,319649,0,0,5,0,0,2,0,0,10,0,0,0,0,0,0,0,0,0,0,0,0,0,0,0,0,0,36,0,1,0,0,0,0,0,0,0,0,0,0,0,0,0,0,0.0
458,319652,0,0,5,0,0,2,0,0,11,0,1,0,0,1,0,0,0,0,0,0,0,0,0,0,2,1,36,-1,3,0,1,1,0,0,0,0,0,0,0,0,0,0,0,1.0
459,408380,1,1,1,1,1,0,0,0,11,0,1,1,0,1,1,1,0,1,1,0,1,0,0,0,3,5,35,1,2,1,1,0,1,0,1,0,1,0,1,0,0,1,0,1.0
460,408394,1,1,3,1,1,0,0,0,8,0,1,0,1,1,1,1,1,1,1,1,1,0,0,0,2,5,30,-2,2,0,1,1,1,0,1,1,1,0,1,0,0,1,1,0.0
461,408418,1,1,5,1,1,0,0,0,0,0,1,0,0,1,0,0,1,1,0,0,0,0,0,0,2,1,48,0,2,0,0,0,0,0,1,0,0,0,0,0,0,0,0,1.0
462,408494,1,0,2,1,1,0,0,0,10,0,1,1,1,1,1,1,1,1,1,1,0,1,0,1,5,10,32,0,2,1,1,1,0,1,1,0,0,1,0,1,1,0,0,1.0
463,408503,1,0,3,1,1,0,0,0,6,0,1,0,0,1,1,1,1,1,1,1,1,1,0,0,3,7,41,0,2,0,1,1,1,0,1,1,1,1,1,0,0,0,1,1.0
464,408508,1,1,3,1,1,0,0,0,8,0,1,1,1,1,1,1,1,1,1,1,0,1,0,0,5,9,34,0,2,1,0,1,0,0,1,1,1,1,0,0,1,0,1,1.0
465,408651,1,1,6,1,1,0,0,0,12,0,1,0,1,0,0,1,1,0,0,0,0,0,0,0,2,1,46,0,2,0,0,0,0,0,1,0,0,0,0,1,1,0,1,0.0
466,409170,0,0,4,0,0,2,0,0,11,0,1,0,1,0,0,0,0,0,0,0,0,0,0,0,2,3,34,1,3,0,0,0,0,0,1,0,0,0,0,0,0,0,0,1.0
467,409392,0,0,5,0,0,0,0,0,7,0,0,0,1,0,0,0,0,0,0,0,0,0,0,0,1,1,45,0,2,0,0,1,0,0,0,0,0,0,0,0,0,0,0,0.0
468,409479,0,0,2,0,0,1,0,0,12,0,0,0,0,0,0,0,0,0,0,0,0,0,0,0,0,0,37,0,1,0,0,0,0,0,0,0,0,0,0,0,0,0,0,1.0
469,409581,0,0,1,0,0,0,0,0,12,0,1,0,0,0,0,0,0,0,0,0,0,0,0,0,1,0,19,-1,2,0,0,0,0,0,0,0,0,0,0,0,0,0,0,1.0
470,508055,1,1,3,1,1,0,0,0,12,0,1,1,1,1,1,1,0,1,1,1,0,1,0,1,4,3,41,0,2,0,1,1,0,0,1,0,0,1,0,1,0,1,1,1.0
471,508089,1,0,5,1,1,0,0,1,0,0,1,1,1,1,1,1,1,1,1,1,1,1,0,1,5,6,33,-1,2,0,0,0,0,0,1,1,1,1,1,1,1,1,1,1.0
472,508102,1,1,4,1,1,1,0,0,5,0,1,1,1,1,1,1,1,1,1,1,1,0,0,1,5,6,34,-1,5,0,1,1,1,0,1,0,0,1,1,1,0,0,1,1.0
473,508103,1,0,1,1,1,0,0,0,11,0,0,0,0,1,0,1,0,0,0,0,1,0,0,0,2,2,40,-1,2,0,0,0,0,0,1,0,0,0,1,0,0,0,1,1.0
474,508137,1,1,3,1,1,1,0,0,6,0,1,1,1,1,1,1,1,1,1,0,0,0,0,1,5,7,26,0,1,0,0,0,0,0,1,1,1,1,1,1,0,1,1,1.0
475,508138,1,1,5,1,1,0,0,0,10,0,1,0,1,1,1,1,1,1,1,1,1,0,0,0,2,6,40,0,2,0,1,1,1,0,1,1,1,0,1,0,1,1,1,0.0
476,508152,1,1,4,1,1,1,0,0,12,0,1,0,1,1,0,1,1,1,0,0,1,0,0,0,3,0,33,0,5,0,1,1,0,0,1,0,0,0,1,0,0,1,1,1.0
477,508161,1,1,2,1,1,0,0,0,0,0,1,1,1,1,1,1,1,1,1,1,1,1,0,1,4,6,41,0,2,0,1,1,0,0,1,1,1,1,1,1,0,1,1,0.0
478,508162,1,1,4,0,2,0,0,0,5,0,1,1,1,1,1,1,1,1,1,0,0,1,0,1,4,14,29,0,2,0,1,1,1,1,1,0,1,1,1,1,1,1,1,1.0
479,508163,1,1,5,1,1,0,0,0,10,0,1,1,1,1,1,1,1,1,1,1,1,0,0,0,4,7,49,0,2,0,0,1,0,0,1,1,1,0,1,0,1,1,1,1.0
480,508165,1,1,5,1,1,2,0,1,8,0,1,1,1,1,1,1,1,1,1,1,1,0,0,1,5,17,37,0,1,0,1,1,0,1,1,1,0,0,1,1,0,1,1,1.0
481,508171,1,1,6,1,1,0,0,0,5,0,1,1,1,1,1,1,0,1,1,1,0,1,1,0,4,6,54,0,2,0,0,1,1,0,0,0,1,1,0,0,0,1,1,1.0
482,508172,1,1,2,1,1,0,0,0,10,0,1,0,0,1,0,1,1,1,1,0,0,1,1,0,2,1,25,-3,2,0,0,1,0,0,0,1,0,1,1,0,0,0,1,1.0
483,508185,1,1,2,1,1,2,0,1,0,0,1,0,1,1,1,1,1,1,1,1,1,1,0,0,3,6,28,0,1,0,1,1,0,0,1,1,1,1,1,0,1,1,0,1.0
484,508187,1,1,1,1,1,1,0,0,11,0,1,1,1,1,1,1,1,0,1,1,1,1,1,0,4,5,23,1,1,0,0,0,0,0,1,1,0,1,1,0,1,1,0,1.0
485,508188,1,1,5,1,1,2,0,0,6,0,1,0,1,1,0,1,1,1,0,1,0,0,0,0,3,8,39,0,5,0,0,0,0,0,1,0,0,0,0,1,0,1,0,1.0
486,508212,1,1,3,1,1,0,0,0,11,0,1,1,1,0,0,1,0,0,0,0,0,0,0,0,4,2,34,0,2,0,0,1,0,0,1,0,0,0,1,1,1,1,0,1.0
487,508223,1,0,2,1,1,1,0,0,7,0,1,1,1,0,1,1,1,1,0,1,0,0,1,0,4,10,20,0,1,0,0,1,1,0,1,0,1,1,1,1,1,1,1,1.0
488,508224,1,1,4,0,2,2,0,0,11,0,0,0,0,0,0,1,1,0,0,0,0,0,0,0,0,0,32,1,1,0,0,0,0,0,1,0,0,0,0,0,0,0,0,1.0
489,508229,1,1,5,1,1,2,0,0,10,0,1,1,1,1,1,1,1,1,1,0,1,0,0,0,4,5,34,-1,5,0,1,1,0,0,1,1,1,1,1,0,1,1,1,0.0
490,508266,1,1,1,1,1,0,0,0,6,0,1,0,1,0,0,1,1,0,0,0,0,0,0,0,3,3,40,-2,2,0,0,0,0,0,0,0,0,0,0,0,1,0,0,0.0
491,508277,1,1,1,1,1,0,0,0,1,0,1,1,1,1,1,1,1,1,0,1,1,0,0,1,5,6,21,-2,2,1,1,1,0,0,0,0,1,0,1,1,1,1,1,1.0
492,508278,1,1,5,1,1,0,0,0,10,0,1,1,1,1,1,1,1,1,1,1,0,0,0,1,5,13,36,-2,2,0,1,1,0,0,1,1,1,1,0,1,1,1,1,0.0
493,508280,1,1,1,0,1,0,0,0,8,0,1,1,1,1,0,1,1,1,0,1,1,0,0,1,5,4,41,0,2,0,0,0,1,0,1,0,1,0,1,1,1,0,0,1.0
494,508293,1,1,5,1,1,0,0,0,6,0,1,1,1,1,1,1,1,1,1,1,1,1,1,1,5,12,31,0,2,0,1,1,1,0,1,1,1,1,1,1,1,1,1,1.0
495,508294,1,1,5,1,1,0,0,1,12,0,1,1,1,1,1,1,1,1,1,1,1,1,1,1,5,10,38,-2,2,0,1,1,0,0,1,1,1,1,1,1,1,1,1,0.0
496,508295,1,1,1,1,1,0,0,1,0,0,1,1,0,1,1,1,1,1,1,1,0,0,0,0,3,0,33,0,2,0,1,0,0,0,1,0,1,0,0,0,0,0,1,0.0
497,508302,1,1,3,1,1,0,0,1,11,0,1,0,0,1,0,1,1,1,0,1,1,0,0,0,2,3,27,-1,2,0,1,1,0,0,1,0,0,0,1,0,0,0,0,
498,508332,1,1,1,1,1,555,0,0,12,0,0,0,0,0,0,1,0,0,0,0,0,0,0,0,1,2,19,0,999,0,0,0,0,0,0,0,0,0,0,0,0,0,0,
499,508381,1,1,1,0,1,0,0,0,12,0,1,1,1,1,1,1,1,1,1,1,1,1,0,1,5,11,29,-2,2,0,0,1,1,0,1,0,1,1,1,1,1,1,0,
500,508383,1,1,1,0,1,0,1,1,5,0,0,0,0,1,1,1,1,1,1,1,1,1,0,1,0,6,30,-1,2,0,1,0,0,0,1,1,1,1,1,1,0,0,1,
501,508385,1,1,3,1,1,0,0,0,6,0,1,1,1,1,1,1,1,1,1,1,1,0,0,1,5,8,23,-2,2,0,0,0,0,0,0,0,1,1,1,1,1,1,1,
502,508386,1,1,4,1,1,0,0,0,12,1,0,0,0,1,1,1,1,1,1,1,0,0,0,0,1,1,40,-2,2,0,0,0,0,0,1,1,1,0,0,0,0,0,1,
503,508387,1,1,3,1,1,1,0,0,6,0,1,1,1,1,0,1,1,1,0,1,1,0,0,0,5,5,33,-2,1,0,1,1,1,0,1,1,1,1,1,0,1,1,1,
504,508388,1,1,4,1,1,0,0,0,0,0,0,0,1,1,0,1,1,1,0,0,1,0,0,0,1,3,42,0,2,0,1,1,0,0,1,1,1,0,1,0,0,0,1,
505,508391,1,1,2,0,1,0,0,1,12,0,1,1,1,1,1,1,1,1,1,1,1,1,1,0,4,9,27,-1,2,0,0,0,0,1,1,0,1,1,1,0,1,1,0,
506,508405,1,1,5,1,1,2,0,0,10,0,1,0,1,1,0,1,1,1,0,1,1,0,0,0,4,0,37,-2,1,0,0,1,0,0,0,0,0,0,1,0,0,0,0,
507,508410,1,1,1,0,1,0,0,0,8,0,1,0,1,0,0,1,1,0,0,0,0,0,0,0,4,6,18,0,2,0,0,1,0,0,1,0,0,0,1,0,1,1,1,
508,508413,1,1,2,1,1,2,0,0,7,0,1,1,1,1,1,1,1,1,1,1,1,1,0,0,5,10,29,-1,1,0,0,0,0,0,1,0,0,1,1,0,1,1,1,
509,508417,1,1,5,1,1,1,0,0,10,0,1,1,0,1,1,1,1,1,1,1,1,1,0,1,3,6,40,0,1,0,1,1,0,0,1,1,1,0,1,1,1,1,1,
510,508419,1,1,4,1,1,0,0,0,6,1,1,1,1,1,0,1,0,0,1,0,1,0,0,0,5,6,31,-1,2,0,0,0,0,0,1,0,0,0,1,0,1,0,1,
511,508421,1,1,4,1,1,0,0,0,0,0,0,0,0,1,1,1,1,1,1,0,0,0,0,0,1,1,22,0,2,0,0,1,0,0,1,1,1,0,0,0,0,0,1,
512,508428,1,1,2,1,1,0,0,0,10,0,1,1,1,1,1,1,1,1,0,1,1,1,0,0,5,4,45,1,2,0,0,0,0,0,1,1,1,0,1,0,1,0,1,
513,508482,1,1,2,1,1,0,0,1,0,0,1,1,1,1,1,1,1,1,1,1,1,1,1,1,5,6,25,-2,2,0,1,1,0,0,1,1,1,1,1,1,1,1,1,
514,508486,1,1,2,1,1,0,0,0,1,0,1,1,1,1,1,1,1,1,1,1,1,1,1,1,5,12,28,-3,2,0,0,1,1,0,1,1,1,1,1,1,1,1,1,
515,508490,1,1,1,0,1,0,0,0,10,0,1,1,0,1,0,1,1,1,0,1,1,0,0,0,3,6,20,-2,2,0,0,0,0,0,1,0,0,1,1,0,0,0,1,
516,508495,1,1,1,1,1,0,0,0,5,0,1,1,1,1,1,1,1,1,1,1,1,1,1,1,5,14,32,0,2,0,1,0,0,0,1,0,1,1,1,1,1,1,1,
517,508496,1,1,1,0,1,2,0,0,11,0,1,1,1,1,1,1,1,1,1,1,1,0,1,0,5,7,32,-1,1,0,0,0,0,0,1,1,1,1,1,0,0,1,1,
518,508507,1,1,1,0,1,0,0,0,8,0,1,1,1,1,1,0,1,1,0,0,0,0,1,0,5,13,31,0,2,0,0,0,0,1,0,0,0,1,1,0,1,1,1,
519,508509,1,1,4,1,1,2,0,1,0,0,1,1,1,1,1,1,1,1,1,1,1,1,1,1,5,8,32,0,1,0,1,1,1,1,1,1,1,1,1,1,1,1,1,
520,508510,1,1,2,0,1,0,0,1,11,0,1,1,1,1,1,1,1,1,1,1,1,0,1,1,5,11,24,-3,2,0,0,1,0,0,1,0,0,1,0,1,1,1,1,
521,508539,1,1,1,1,1,0,0,0,8,0,1,1,1,1,0,1,1,1,1,1,1,0,0,0,4,5,39,-2,2,0,0,1,0,0,1,1,1,0,1,0,1,1,1,
522,508540,1,1,4,1,1,0,0,0,12,0,1,1,1,1,1,1,1,1,1,0,1,1,0,0,5,5,44,-1,2,0,0,1,0,0,1,1,0,1,1,1,1,0,1,
523,508541,1,1,4,1,1,2,0,0,11,1,1,0,1,0,0,1,1,0,0,0,1,0,0,0,3,3,34,0,1,0,1,0,1,0,1,0,0,0,1,0,0,1,1,
524,508542,1,1,4,1,1,0,0,0,1,0,0,0,1,1,1,1,1,1,1,1,0,1,1,0,3,6,50,1,2,0,1,1,0,0,0,1,1,1,1,1,1,1,1,
525,508543,1,1,3,1,1,0,0,1,0,0,1,1,1,1,1,1,1,1,0,1,1,1,0,1,5,12,23,0,2,0,1,0,0,0,1,1,1,1,1,1,1,1,1,
526,508544,1,1,6,1,1,0,0,0,7,0,1,0,1,0,0,0,0,0,1,0,0,0,0,0,4,3,41,-3,2,0,0,1,0,0,1,0,0,1,0,0,1,1,0,
527,508545,1,1,2,0,1,0,0,0,11,0,1,1,1,1,1,1,1,1,1,1,1,1,0,1,5,14,30,0,2,0,0,1,1,1,0,1,1,1,1,1,1,1,1,
528,508546,1,1,5,1,1,0,0,0,0,0,1,1,1,1,0,1,1,1,0,1,0,0,0,1,5,8,35,0,2,0,1,1,0,0,1,0,0,0,1,1,1,1,1,
529,508547,1,1,1,1,1,0,0,0,11,0,1,1,1,1,0,1,1,1,0,1,1,1,0,0,4,6,38,-1,2,0,1,0,0,0,1,0,1,1,1,1,1,1,1,
530,508551,1,1,5,1,1,0,0,0,0,0,1,0,1,1,1,1,1,1,1,1,1,1,0,1,3,3,42,-1,2,0,0,1,0,0,0,1,1,1,0,0,1,1,1,
531,508553,1,1,6,1,1,0,0,1,12,0,1,1,1,1,0,1,0,0,0,0,0,0,0,0,5,0,62,0,2,0,0,1,0,0,1,0,0,0,0,0,1,0,1,
532,508573,1,1,1,1,1,2,0,0,12,0,1,1,0,0,0,1,0,1,0,0,0,0,0,0,3,1,40,0,1,0,0,0,0,0,1,0,1,0,0,0,0,0,0,
533,508583,1,1,1,0,2,0,0,0,5,0,1,1,1,1,0,1,1,1,0,0,1,0,0,0,5,3,41,-3,2,0,0,0,0,0,0,1,1,1,1,0,1,0,1,
534,508584,1,1,2,1,1,2,0,1,12,0,1,0,1,0,0,1,0,1,0,0,0,0,0,0,4,4,21,-2,1,0,0,1,0,0,0,0,0,0,0,0,1,1,1,
535,508585,1,1,1,0,1,2,0,1,10,0,1,1,1,0,1,1,0,0,0,0,0,0,0,0,5,9,33,0,5,0,1,1,1,0,1,0,0,1,1,0,1,1,0,
536,508586,1,1,3,0,2,2,0,0,10,0,1,1,1,0,1,1,0,0,1,0,0,0,0,0,5,5,36,-2,1,0,0,1,0,0,1,0,0,0,0,0,1,0,1,
537,508600,1,1,6,1,1,0,0,1,12,0,1,1,1,1,1,1,1,1,1,1,1,0,0,1,5,6,37,-3,2,0,0,1,0,0,1,1,1,1,1,1,1,1,1,
538,508645,1,1,2,1,1,0,0,0,7,0,1,1,1,1,0,0,1,1,0,1,0,0,0,0,5,9,47,2,2,0,1,1,1,0,1,0,1,0,0,1,1,1,1,
539,508650,1,1,5,1,1,0,0,0,6,0,1,1,1,1,1,1,1,1,1,1,1,0,0,1,4,9,28,0,2,0,1,0,0,0,1,1,1,0,1,1,1,0,0,
540,508653,1,1,3,1,1,0,0,0,1,0,1,1,1,1,1,1,1,1,1,1,1,1,1,1,5,7,37,0,2,0,1,1,0,0,1,1,1,1,1,1,1,1,1,
541,508657,1,1,4,1,1,1,0,0,6,0,1,1,1,1,1,1,1,1,1,1,1,0,1,1,5,4,31,-1,1,0,1,1,0,0,1,0,0,1,1,1,1,1,1,
542,508659,1,1,2,1,1,2,0,0,11,0,1,1,1,1,1,1,1,1,0,1,1,1,0,0,5,9,22,-1,1,0,0,1,1,0,1,1,1,0,1,0,1,1,0,
543,508685,1,1,2,1,1,0,0,0,1,0,1,1,1,1,1,1,1,1,1,1,1,1,1,1,5,11,38,0,2,0,0,1,0,0,1,0,1,1,1,1,1,1,1,
544,508692,1,1,1,1,1,0,0,0,7,0,1,1,1,0,0,1,0,0,0,0,0,0,0,0,5,3,54,0,2,0,0,1,0,1,1,0,0,0,0,1,1,0,0,
545,509309,0,0,5,0,0,0,0,0,12,0,0,0,0,0,0,0,0,0,0,0,0,0,0,0,0,0,38,-2,2,0,1,0,0,0,0,0,0,0,0,0,0,0,0,
546,509513,0,0,1,0,0,0,0,0,10,1,0,0,0,0,0,0,0,0,0,0,0,0,0,0,0,0,20,-2,2,0,0,0,0,0,0,0,0,0,0,0,0,0,0,
547,509579,0,1,1,0,0,0,0,0,0,0,0,0,0,0,0,0,0,0,0,0,0,0,0,0,0,0,35,0,2,0,0,0,0,0,0,0,0,0,0,0,0,0,0,
548,509582,0,0,2,0,0,0,0,0,11,0,0,0,0,0,0,0,0,0,0,0,0,0,0,0,0,0,45,0,2,0,0,1,0,0,0,0,0,0,0,0,0,0,0,
549,509680,0,0,6,0,0,2,0,0,12,0,0,0,0,0,0,0,0,0,0,0,0,0,0,0,0,0,47,-1,1,0,0,0,0,0,0,0,0,0,0,0,0,0,0,
550,608259,1,1,4,1,1,2,0,0,0,0,0,0,1,0,0,1,1,0,0,1,0,0,0,0,1,2,21,0,5,0,0,0,0,0,1,0,0,0,0,0,0,0,0,
551,618169,1,1,5,1,1,2,0,1,10,0,1,1,1,1,1,1,1,0,0,0,0,0,0,0,4,8,47,2,1,0,0,1,0,0,1,1,1,0,0,0,1,1,1,
552,618236,1,1,4,1,1,2,0,0,8,0,1,1,1,1,0,1,1,1,0,1,1,0,0,0,5,5,23,0,5,0,1,1,0,0,1,1,0,0,1,0,1,1,0,
553,618256,1,1,4,1,1,1,0,0,0,0,1,0,1,0,0,1,1,0,0,1,1,0,0,0,3,3,20,-2,5,0,0,0,0,0,0,1,1,0,0,0,1,1,0,
554,618260,1,1,5,1,1,2,0,1,10,0,1,0,1,0,1,1,1,1,0,1,1,1,0,0,4,12,24,0,5,0,1,1,1,0,1,1,1,1,1,0,1,1,1,
555,618318,1,1,2,1,1,2,0,0,6,0,1,1,1,1,0,1,1,1,0,0,0,0,0,1,4,3,32,1,1,0,0,0,0,0,0,0,0,0,0,1,1,0,0,
556,618320,1,0,5,1,1,2,0,0,0,0,0,0,0,0,0,1,0,0,0,0,0,0,0,0,1,2,37,-2,5,0,0,1,0,0,0,0,0,0,0,0,1,0,0,
557,618321,1,1,2,1,1,0,0,1,0,0,1,1,1,1,1,1,1,1,1,1,1,0,1,1,4,7,33,-2,2,0,1,1,1,0,1,1,1,1,1,1,1,1,1,
558,618346,1,1,2,1,1,1,0,1,0,0,1,1,1,0,0,1,1,1,0,0,0,0,0,0,5,5,29,0,5,0,0,0,0,0,0,1,1,0,0,0,1,1,0,
559,618355,1,1,3,1,1,1,0,0,12,0,0,0,1,1,1,0,0,1,1,1,0,0,0,0,2,2,23,0,5,0,1,0,1,0,1,0,0,0,0,0,0,0,0,
560,618357,1,0,2,1,1,0,1,0,6,0,0,0,1,0,0,1,0,0,0,0,0,0,0,0,2,2,29,-2,2,0,0,0,1,0,1,0,0,0,0,0,0,0,0,
561,618360,1,0,4,1,1,2,0,0,8,0,1,0,1,1,0,0,0,0,0,0,0,0,0,0,2,2,26,0,5,0,0,0,0,0,0,0,0,0,0,0,0,0,0,
562,618374,1,1,4,1,1,2,0,0,1,0,1,1,1,0,1,1,1,0,0,0,0,0,0,1,3,4,25,0,5,0,0,1,0,0,1,1,1,0,0,1,1,1,0,
563,618449,1,0,5,1,1,2,0,1,7,0,1,1,1,1,0,0,0,0,0,0,0,0,0,0,5,4,29,-1,5,0,0,0,0,0,0,0,0,0,0,0,1,1,0,
564,618452,1,0,4,1,1,1,0,1,10,0,1,0,1,1,0,1,1,0,0,0,0,0,0,0,3,4,24,-1,5,0,0,1,1,0,1,1,1,1,0,0,1,1,1,
565,618466,1,1,6,1,1,2,0,0,0,0,0,0,0,0,0,0,0,0,0,0,0,0,0,1,1,2,40,-1,3,0,0,0,0,0,0,0,0,0,0,1,0,0,0,
566,618534,1,1,3,1,1,2,0,0,1,0,0,1,0,0,0,0,0,0,0,0,1,0,0,0,3,3,24,0,1,0,0,0,0,0,0,0,0,0,1,0,1,0,0,
567,618535,1,1,4,0,1,1,0,0,1,0,1,1,1,1,1,1,1,0,0,0,1,0,0,0,4,8,28,0,1,1,0,0,0,0,0,1,1,0,1,1,0,1,0,
568,618591,1,1,4,1,1,1,0,0,7,0,0,1,0,1,1,1,1,1,0,0,0,1,0,1,2,2,23,0,5,0,0,0,0,0,0,1,1,1,0,1,0,0,1,
569,618594,1,1,2,1,1,1,0,1,12,0,1,1,1,1,0,1,1,0,0,0,1,1,0,1,3,10,25,0,5,0,0,0,1,0,0,0,1,1,1,1,1,1,1,
570,618701,1,1,5,1,1,2,0,0,11,0,0,0,0,0,0,1,0,0,0,0,0,0,0,0,1,0,30,-1,5,0,0,0,0,0,0,0,0,0,0,0,0,0,0,
571,618702,1,1,5,1,1,1,1,0,1,0,1,1,1,0,0,1,0,0,0,0,0,0,0,0,3,1,32,-1,5,0,0,0,0,0,0,1,1,0,0,0,1,1,0,
572,619084,0,0,2,0,0,0,0,0,12,0,0,1,0,0,0,0,0,0,0,0,0,0,0,0,1,0,26,0,2,0,0,0,0,0,0,0,0,0,0,0,0,0,0,
573,619139,0,0,2,0,0,1,0,0,12,0,0,0,0,0,0,0,0,0,0,0,0,0,0,0,1,0,23,0,5,0,1,1,0,0,0,0,0,0,0,0,0,0,0,
574,619234,0,0,6,0,0,2,0,0,10,0,0,0,0,0,0,0,0,0,0,0,0,0,0,0,0,1,45,0,5,0,0,1,0,0,0,0,0,0,0,0,0,0,0,
575,619361,0,0,5,0,0,1,0,0,10,0,0,0,1,0,0,0,0,0,0,0,0,0,0,0,1,1,33,0,5,0,0,0,0,0,0,0,0,0,0,0,0,0,0,
576,619362,0,0,3,0,0,2,0,0,11,0,0,0,1,0,0,0,0,0,0,0,0,0,0,0,1,0,33,0,3,0,0,0,0,0,1,0,0,0,0,0,0,0,0,
577,619375,0,0,2,0,0,2,0,0,10,0,0,0,0,0,0,0,0,0,0,0,0,0,0,0,0,0,27,0,5,0,0,0,0,0,0,0,0,0,0,0,0,0,0,
578,619376,0,0,4,0,0,1,0,0,0,0,0,0,0,0,0,0,0,0,0,0,0,0,0,0,0,0,26,0,5,0,0,1,0,0,0,0,0,0,0,0,0,0,0,
579,619377,0,0,1,0,0,0,1,0,11,0,0,0,0,0,0,0,0,0,0,0,0,0,0,0,0,0,21,-1,2,0,0,0,0,0,0,0,0,0,0,0,0,0,0,
580,619536,0,1,4,0,0,2,1,0,7,0,0,0,1,0,0,0,0,0,0,0,0,0,0,0,1,1,29,0,5,0,0,0,0,0,1,0,0,0,0,0,0,0,0,
581,619537,0,0,5,0,0,2,0,0,10,0,1,0,1,1,1,1,1,0,0,0,0,0,0,0,2,3,46,0,5,0,0,1,0,0,0,0,0,0,0,0,0,0,0,
582,619587,0,0,5,0,0,2,0,0,11,0,0,0,0,0,0,0,0,0,0,0,0,0,0,0,0,0,37,0,5,0,0,0,0,0,0,0,0,0,0,0,0,0,0,
583,619664,0,1,5,0,0,2,0,0,1,0,1,1,1,0,0,0,0,0,0,0,0,0,0,0,3,1,33,0,5,0,0,0,0,0,0,0,0,0,0,0,0,0,0,
584,628133,1,1,2,1,1,0,1,1,12,0,1,0,1,0,0,1,1,0,0,0,0,0,0,0,3,1,19,0,2,0,0,0,0,0,0,0,0,0,0,0,0,1,0,
585,628134,1,0,5,1,1,2,1,0,12,0,0,0,0,1,0,0,0,0,0,0,0,0,0,0,0,0,27,0,5,0,1,0,0,0,0,0,0,0,0,0,0,0,0,
586,628135,1,1,2,1,1,2,0,1,0,0,1,1,1,1,0,1,1,1,0,0,0,0,0,1,5,3,19,0,5,0,1,0,0,0,0,1,1,0,0,1,1,1,1,
587,628335,1,1,4,1,1,2,0,0,11,0,1,1,1,1,1,1,1,1,0,0,0,0,0,1,5,11,32,-1,5,0,1,1,1,0,0,0,0,0,0,1,1,1,1,
588,628347,1,1,5,1,1,2,1,0,5,0,0,0,0,1,0,0,0,0,0,0,0,1,0,0,2,2,24,0,5,0,1,0,1,0,1,0,0,1,0,0,0,0,0,
589,628465,1,1,3,1,1,0,1,1,5,0,1,1,1,1,0,1,1,0,0,0,0,0,0,0,4,4,19,-1,2,0,0,0,0,0,1,0,1,0,0,0,1,1,0,
590,628669,1,1,5,1,1,2,1,1,0,0,1,1,1,1,1,1,1,0,0,0,0,0,0,1,5,7,20,-3,5,0,0,1,0,0,0,1,1,0,0,1,1,1,0,
591,629075,0,0,2,0,0,1,1,0,10,0,1,0,1,0,0,0,0,0,0,0,0,0,0,0,2,0,29,0,1,0,0,0,0,0,0,0,0,0,0,0,0,0,0,
592,629076,0,0,3,0,0,1,1,0,11,0,0,0,0,0,0,0,0,0,0,0,0,0,0,0,0,0,23,0,1,0,0,0,0,0,0,0,0,0,0,0,0,0,0,
593,629077,0,0,5,0,0,2,1,0,11,0,0,0,0,0,0,0,0,0,0,0,0,0,0,0,0,0,22,0,5,0,0,0,0,0,0,0,0,0,0,0,0,0,0,
594,629087,0,0,2,0,0,0,0,0,11,0,0,0,0,0,0,0,0,0,0,0,0,0,0,0,0,0,20,0,2,0,0,0,0,0,0,0,0,0,0,0,0,0,0,
595,629140,0,0,3,0,0,0,1,0,12,0,0,0,0,0,0,0,0,0,0,0,0,0,0,0,0,0,18,0,2,0,0,0,0,0,0,0,0,0,0,0,0,0,0,
596,629141,0,0,2,0,0,1,0,0,12,0,0,1,0,0,0,0,0,0,0,0,0,0,0,0,1,2,20,0,5,0,0,0,0,0,1,0,0,0,0,0,0,0,0,
597,629336,0,0,1,0,0,2,1,0,7,0,0,0,0,0,0,0,0,0,0,0,0,0,0,0,0,0,29,-1,1,0,0,0,0,0,0,0,0,0,0,0,0,0,0,
598,629337,0,0,1,0,0,2,1,0,11,0,0,0,0,0,0,0,0,0,0,0,0,0,0,0,0,0,32,-2,1,0,1,0,0,0,1,0,0,0,0,0,0,0,0,
599,629364,0,0,5,0,0,2,0,0,6,0,1,1,1,0,0,0,0,0,0,0,0,0,0,0,3,0,37,0,5,0,0,0,0,0,1,0,0,0,0,0,0,0,0,
600,629453,0,0,5,0,0,2,1,0,10,0,0,0,0,0,0,0,0,0,0,0,0,0,0,0,0,0,26,0,5,0,0,0,0,0,0,0,0,0,0,0,0,0,0,
601,629620,0,1,3,0,0,0,1,0,12,0,1,1,1,0,0,0,0,0,0,0,0,0,0,0,3,1,27,0,2,0,0,0,0,0,0,0,0,0,0,0,0,0,0,
602,629665,0,0,4,0,0,1,1,0,12,0,0,0,0,0,0,0,0,0,0,0,0,0,0,0,0,0,20,0,5,0,0,0,0,0,0,0,0,0,0,0,0,0,0,
603,629666,0,0,5,0,0,2,1,0,12,0,1,0,0,0,0,0,0,0,0,0,0,0,0,0,1,0,21,-2,5,0,0,0,0,0,0,0,0,0,0,0,0,0,0,
604,629667,0,1,5,0,0,2,1,0,6,0,0,0,0,0,0,0,0,0,0,0,0,0,0,0,0,1,27,-1,5,0,0,0,0,0,0,0,0,0,0,0,0,0,0,
605,708200,1,1,2,1,1,0,0,0,7,0,1,1,1,1,1,1,1,0,0,0,1,0,0,1,4,6,56,2,2,0,0,1,1,0,1,1,1,0,1,1,1,1,1,
606,708201,1,1,1,1,1,0,0,0,8,0,1,1,0,0,0,1,1,0,0,0,0,0,0,1,3,4,29,0,2,0,0,1,1,0,1,0,0,0,0,1,0,1,0,
607,708255,1,0,6,1,1,2,0,1,0,0,1,1,1,1,0,1,1,1,0,0,0,0,0,0,5,4,35,0,5,0,0,1,0,0,0,0,0,0,0,0,1,1,0,
608,708257,1,1,4,1,1,0,1,0,10,0,0,0,0,0,0,1,0,0,0,0,0,0,0,0,0,0,21,0,2,0,0,0,0,0,0,0,0,0,0,0,0,0,0,
609,708258,1,1,5,1,1,2,0,1,8,0,1,1,1,1,1,1,1,1,1,1,0,1,1,1,5,16,29,-2,1,0,1,1,0,0,1,1,1,1,0,1,1,1,1,
610,708261,1,1,1,0,2,0,0,1,0,0,1,1,1,1,1,1,1,1,1,1,1,1,0,1,4,5,30,0,2,0,1,1,0,0,1,1,1,1,1,1,1,0,1,
611,708319,1,1,6,1,1,2,0,1,5,0,1,1,1,1,1,1,0,0,0,1,0,0,0,1,5,9,36,0,5,0,1,1,1,1,1,1,1,0,0,1,1,1,1,
612,708334,1,1,2,1,1,0,1,1,0,0,1,1,1,1,1,1,1,1,0,0,0,0,0,1,5,7,20,-2,2,0,0,0,0,0,0,1,1,0,0,1,1,1,1,
613,708348,1,0,4,1,1,2,0,1,11,0,1,1,1,1,1,1,0,1,1,1,0,0,0,0,5,5,30,1,5,0,0,1,0,0,0,1,1,0,1,0,1,1,1,
614,708356,1,1,4,1,1,1,0,0,0,0,1,1,1,1,1,1,1,1,0,1,1,0,0,0,5,8,26,-1,1,0,1,0,1,1,1,0,1,0,1,0,1,1,1,
615,708359,1,0,5,1,1,1,0,0,6,0,1,0,1,0,0,1,0,0,0,0,0,0,0,0,2,0,33,0,5,0,0,0,0,0,0,0,0,0,0,0,0,1,0,
616,708363,1,1,1,1,1,2,0,0,0,0,1,1,1,1,0,1,0,0,0,0,0,0,0,1,5,10,33,0,1,0,0,1,0,0,1,1,1,0,0,1,1,1,1,
617,708370,1,1,2,1,1,2,0,1,6,0,0,0,1,1,0,1,1,0,0,0,1,0,0,0,1,0,21,0,1,0,0,1,0,0,1,0,0,0,1,0,0,0,0,
618,708371,1,1,3,1,1,1,0,1,5,0,0,1,1,1,1,1,1,1,1,1,1,0,0,0,4,3,18,0,5,0,0,0,0,0,1,0,1,0,1,0,1,1,1,
619,708372,1,1,4,1,1,2,0,1,11,0,1,1,1,1,1,1,1,1,1,1,1,0,0,0,4,10,24,-1,5,0,0,1,1,0,1,0,0,0,1,0,1,1,0,
620,708379,1,1,2,1,2,2,1,1,0,0,1,1,1,1,1,1,0,0,1,0,0,0,0,0,5,8,32,0,5,0,1,1,0,0,1,1,1,1,0,1,1,0,1,
621,708426,1,1,5,1,1,1,0,1,0,0,1,1,1,1,1,1,1,1,0,0,0,0,0,0,5,4,34,0,5,0,1,1,0,0,1,1,1,0,0,1,1,1,1,
622,708447,1,0,3,1,1,2,0,0,5,0,0,0,1,0,0,1,0,0,0,0,0,0,0,0,1,1,33,-1,1,0,1,1,0,0,1,0,0,0,0,0,0,0,0,
623,708448,1,1,1,1,1,999,0,0,11,0,1,1,1,1,1,1,1,1,1,1,1,1,0,1,4,6,32,0,7,0,1,1,0,0,0,1,1,0,1,1,1,1,1,
624,708450,1,0,2,1,1,1,1,0,5,0,1,1,1,1,0,1,0,0,0,0,0,0,0,0,3,1,21,0,1,0,0,0,0,0,1,0,0,0,0,0,0,0,0,
625,708451,1,1,5,1,1,2,0,1,8,0,1,1,1,1,1,1,1,1,1,1,1,1,0,1,4,4,24,0,5,0,1,1,1,0,1,0,0,1,1,1,1,1,1,
626,708461,1,1,2,1,1,2,0,0,1,0,0,0,0,1,0,1,1,0,0,0,0,0,0,1,1,6,49,2,1,0,0,1,1,0,0,0,0,0,0,1,0,1,0,
627,708462,1,1,5,0,2,1,0,0,0,0,0,0,0,0,0,1,1,0,0,0,0,0,0,0,0,5,40,2,1,0,1,0,0,0,0,0,0,0,0,0,0,1,0,
628,708463,1,1,4,1,1,2,0,0,12,0,1,1,1,0,0,1,0,0,0,0,0,0,0,0,4,5,36,0,1,0,1,0,0,0,0,0,0,0,0,0,0,1,0,
629,708464,1,1,2,1,1,1,0,1,1,0,1,1,1,1,0,1,1,0,0,0,0,0,0,0,5,3,40,1,5,0,0,0,0,0,0,0,0,0,0,1,0,1,0,
630,708467,1,1,5,1,1,1,0,0,6,0,1,1,1,1,0,1,0,1,0,0,1,0,0,0,5,7,25,-2,1,0,0,1,1,0,0,1,1,0,1,0,1,1,1,
631,708468,1,1,2,1,1,0,1,0,0,0,1,1,1,0,0,1,0,0,0,0,0,0,0,0,4,2,23,0,2,0,0,0,0,0,0,0,0,0,0,0,1,0,0,
632,708469,1,1,5,1,1,2,0,1,7,0,1,0,1,1,0,0,1,0,0,0,0,0,0,0,3,4,26,0,5,0,0,1,0,0,0,0,0,0,0,1,0,1,0,
633,708496,1,1,6,1,1,2,0,0,1,0,1,1,1,1,0,1,1,0,0,0,0,0,0,1,4,2,41,0,5,0,0,0,0,0,0,1,1,0,0,1,1,1,0,
634,708500,1,1,2,1,1,1,0,0,0,0,1,1,1,0,0,1,0,0,0,0,0,0,0,0,4,2,20,-2,5,0,0,1,0,0,0,1,1,0,0,0,1,1,0,
635,708501,1,1,6,1,1,2,0,1,0,0,1,1,1,1,1,1,1,1,1,1,1,0,0,0,5,8,33,-1,5,0,0,1,0,0,0,1,1,0,1,1,1,1,1,
636,708527,1,1,4,1,1,2,0,0,8,0,1,1,1,1,0,1,1,1,0,1,0,1,0,0,5,1,19,-1,5,0,1,1,0,0,0,1,1,1,0,0,1,0,0,
637,708528,1,1,5,1,1,1,0,0,0,0,1,1,1,1,0,1,1,1,1,0,0,0,0,0,5,4,28,-1,5,0,0,1,0,0,0,1,1,0,0,1,1,1,0,
638,708529,1,1,2,1,1,0,1,0,0,0,1,0,0,0,0,1,1,0,0,0,0,0,0,0,3,1,20,-1,2,0,0,0,0,0,0,1,0,0,0,1,0,1,0,
639,708530,1,1,2,1,1,0,0,0,10,0,1,0,1,0,0,0,1,0,0,0,0,0,0,0,2,2,28,0,2,0,0,0,0,0,0,0,0,0,0,0,0,1,0,
640,708531,1,1,6,1,1,2,0,1,8,0,0,0,0,1,0,1,0,0,0,0,0,0,0,1,1,5,47,0,3,0,0,1,1,1,1,0,0,0,0,1,0,0,0,
641,708532,1,1,6,1,1,2,1,0,1,0,1,1,1,1,0,1,1,1,1,0,0,0,0,0,3,3,35,0,5,0,0,1,0,0,0,0,0,1,0,0,0,1,1,
642,708549,1,0,5,1,1,2,0,0,11,0,1,0,1,0,0,1,0,0,0,0,0,0,0,0,3,0,35,0,5,0,0,0,0,0,0,0,0,0,0,0,0,0,0,
643,708571,1,1,6,1,1,2,0,1,0,0,0,0,0,0,0,0,1,0,0,0,0,0,0,0,1,1,48,0,3,0,0,0,0,0,0,0,0,0,0,0,0,0,0,
644,708572,1,1,5,1,1,2,0,0,8,0,0,0,0,0,0,1,1,0,0,0,0,0,0,0,2,3,38,0,5,0,0,0,0,0,0,1,0,0,0,0,0,0,0,
645,708590,1,1,3,1,1,1,0,1,7,0,1,1,1,1,1,1,1,1,0,0,1,0,0,0,5,13,21,0,5,0,1,1,1,0,1,1,1,1,1,0,1,1,1,
646,708592,1,1,4,1,1,2,0,1,12,0,1,1,1,0,0,1,1,1,0,0,0,0,0,0,4,3,25,0,5,0,1,1,0,0,1,1,1,0,0,0,0,1,0,
647,708593,1,1,1,1,1,0,1,0,11,0,1,1,1,0,1,0,0,0,0,0,0,0,0,0,3,3,19,0,2,0,0,0,0,0,0,0,0,0,0,0,1,1,0,
648,708595,1,1,5,1,1,1,1,1,10,0,0,0,0,1,0,1,1,1,0,0,0,0,0,0,1,3,25,-1,5,0,0,1,1,0,1,0,1,0,0,0,0,0,0,
649,708621,1,1,5,1,1,2,1,0,1,0,0,0,0,0,0,1,0,0,0,0,0,0,0,0,0,1,25,0,5,0,0,0,0,0,0,0,0,0,0,0,0,0,0,
650,708622,1,0,2,1,1,1,0,0,0,0,1,0,1,0,1,1,0,0,1,0,0,0,0,0,3,0,31,-2,1,0,0,0,0,0,1,0,0,0,0,0,0,0,0,
651,708668,1,1,4,1,1,0,0,0,0,0,1,1,1,1,1,1,1,1,1,1,1,0,1,1,5,11,33,0,2,0,1,0,0,0,1,1,1,1,1,1,1,1,1,
652,708670,1,1,3,0,2,0,1,1,7,0,1,1,1,1,1,1,1,1,0,1,0,0,0,1,5,11,29,-1,6,0,1,1,1,1,1,1,1,1,0,1,1,1,0,
653,708671,1,1,6,1,1,0,0,0,0,0,1,1,1,0,0,1,1,1,1,1,0,0,0,0,4,2,30,-1,2,0,0,0,0,0,0,0,0,0,0,0,1,1,1,
654,708672,1,1,6,1,1,2,0,0,10,0,1,0,1,0,0,0,1,0,1,0,0,0,0,0,3,2,39,0,4,0,0,0,0,0,0,0,0,0,0,0,1,0,0,
655,708673,1,1,5,1,1,1,0,1,8,0,1,1,1,1,1,1,1,1,1,0,1,0,0,1,5,12,24,-2,5,0,1,0,0,0,1,1,1,0,1,1,1,1,0,
656,708697,1,0,5,1,1,2,0,0,0,0,1,0,1,1,0,1,0,0,0,0,0,0,0,0,3,3,30,-1,5,0,0,0,0,0,0,1,0,0,0,0,0,0,0,
657,708698,1,0,5,1,1,0,0,0,7,0,0,0,0,0,0,1,0,0,0,0,0,0,0,0,1,1,36,0,2,0,0,0,0,0,0,0,0,0,0,0,0,0,0,
658,708699,1,1,6,1,1,2,0,1,0,0,0,0,0,1,1,1,1,0,0,0,0,0,0,0,2,5,33,0,5,0,0,1,0,0,0,1,1,0,0,0,0,0,0,
659,708700,1,1,5,1,1,2,0,0,5,0,1,1,1,0,0,1,0,0,0,0,0,0,0,0,3,3,35,0,5,0,0,0,0,0,0,0,0,0,0,0,1,1,0,
660,709358,0,0,1,0,0,1,0,0,12,0,0,0,0,0,0,0,0,0,0,0,0,0,0,0,0,1,30,0,1,0,0,0,0,0,0,0,0,0,0,0,0,0,0,
661,709373,0,0,2,0,0,1,0,0,0,0,0,0,0,0,0,0,0,0,0,0,0,0,0,0,0,0,23,-1,5,0,0,0,0,0,0,0,0,0,0,0,0,0,0,
662,709378,0,0,3,0,0,1,0,0,11,0,0,0,0,0,0,0,0,0,0,0,0,0,0,0,0,1,19,0,5,0,0,0,0,0,1,0,0,0,0,0,0,0,0,
663,709423,0,0,5,0,0,0,0,0,11,0,1,1,1,0,0,0,0,0,0,0,0,0,0,0,4,4,39,-1,2,0,0,1,0,0,1,0,0,0,0,0,0,0,0,
664,709424,0,0,4,0,0,1,0,0,11,0,1,1,1,0,0,0,0,0,0,0,0,0,0,0,4,3,29,-1,5,0,0,0,0,0,0,0,0,0,0,0,0,0,0,
665,709425,0,1,1,0,0,0,0,0,7,0,0,1,1,0,0,0,0,0,0,0,0,0,0,0,3,0,32,-3,2,0,0,0,0,0,0,0,0,0,0,0,0,0,0,
666,709445,0,0,4,0,0,2,0,0,8,0,0,0,0,0,0,0,0,0,0,0,0,0,0,0,1,0,30,-1,5,0,0,0,0,0,0,0,0,0,0,0,0,0,0,
667,709446,0,0,1,0,0,0,1,0,8,0,1,1,1,0,0,0,0,0,0,0,0,0,0,0,3,0,24,-2,2,0,0,0,0,0,0,0,0,0,0,0,0,0,0,
668,709497,0,1,5,0,0,2,1,0,8,0,0,0,0,0,0,0,0,0,0,0,0,0,0,0,0,0,33,0,5,0,0,0,0,0,0,0,0,0,0,0,0,0,0,
669,709498,0,1,3,0,0,2,0,0,12,0,0,0,0,0,0,0,0,0,0,0,0,0,0,0,0,0,20,-1,5,0,0,0,0,0,0,0,0,0,0,0,0,0,0,
670,709499,0,0,5,0,0,0,1,0,10,0,0,0,1,0,0,0,0,0,0,0,0,0,0,0,1,0,21,0,2,0,1,0,0,0,1,0,0,0,0,0,0,0,0,
671,709533,0,1,5,0,0,2,0,0,0,0,0,0,0,0,0,0,0,0,0,0,0,0,0,0,0,1,23,-1,5,0,0,0,0,0,0,0,0,0,0,0,0,0,0,
672,709548,0,1,4,0,0,1,0,0,11,0,0,0,1,0,0,0,0,0,0,0,0,0,0,0,2,0,21,0,5,0,0,0,0,0,0,0,0,0,0,0,0,0,0,
673,709569,0,1,4,0,0,1,0,0,7,0,0,0,0,0,0,0,0,0,0,0,0,0,0,0,0,5,25,0,5,0,0,1,0,0,1,0,0,0,0,0,0,0,0,
674,709570,0,1,5,0,0,2,1,0,10,0,0,0,1,0,0,0,0,0,0,0,0,0,0,0,1,2,26,0,5,0,0,0,0,0,0,0,0,0,0,0,0,0,0,
675,709588,0,1,4,0,0,0,1,0,0,0,0,0,0,0,0,0,0,0,0,0,0,0,0,0,0,0,30,0,2,0,0,0,0,0,0,0,0,0,0,0,0,0,0,
676,709589,0,1,3,0,0,0,1,0,8,0,0,0,0,0,0,0,0,0,0,0,0,0,0,0,0,0,23,0,2,0,0,0,0,0,0,0,0,0,0,0,0,0,0,
677,709590,0,1,2,0,0,1,0,0,7,0,1,0,0,0,0,0,0,0,0,0,0,0,0,0,1,0,24,0,5,0,0,0,0,0,0,0,0,0,0,0,0,0,0,
678,709623,0,1,3,0,0,0,1,0,11,0,0,0,1,0,0,0,0,0,0,0,0,0,0,0,1,0,20,0,2,0,0,0,0,0,0,0,0,0,0,0,0,0,0,
679,709679,0,0,5,0,0,1,1,0,7,0,0,0,0,0,0,0,0,0,0,0,0,0,0,0,0,1,30,0,5,0,0,0,0,0,0,0,0,0,0,0,0,0,0,
680,808365,1,1,1,1,1,2,0,0,5,0,1,0,0,1,0,1,0,0,0,0,0,0,0,0,2,0,31,1,1,0,0,0,0,0,0,1,0,0,0,0,0,0,0,
681,808366,1,1,4,1,1,2,0,1,10,0,1,1,1,1,0,1,0,1,0,0,0,0,0,0,5,7,21,-1,5,0,1,1,0,0,1,0,0,1,1,1,1,1,1,
682,808367,1,0,3,1,1,2,0,0,12,0,0,0,0,1,0,1,1,0,0,0,0,0,0,1,0,1,39,1,1,0,0,0,0,0,0,0,0,0,1,1,0,0,0,
683,808368,1,0,1,1,1,2,0,0,11,0,1,1,1,1,0,1,1,1,0,1,0,0,0,1,4,6,35,-1,1,0,0,1,0,0,0,0,0,0,0,1,0,1,1,
684,808369,1,1,4,1,1,2,0,0,0,0,1,1,0,1,0,1,0,0,0,0,0,0,0,0,3,6,32,0,1,0,0,0,0,1,0,0,0,0,0,0,0,0,0,
685,808471,1,1,5,1,1,2,0,1,12,0,1,1,1,1,0,1,0,0,0,0,1,0,0,1,5,5,34,0,5,0,1,1,1,0,1,0,0,0,1,1,1,1,1,
686,808472,1,1,5,1,1,2,0,1,6,0,1,1,1,0,0,1,0,0,0,0,0,0,0,0,4,1,35,0,5,0,0,1,1,0,0,1,0,0,0,0,1,1,0,
687,808473,1,0,6,1,1,2,0,1,11,0,1,1,1,1,1,1,1,1,1,1,1,0,0,0,4,8,42,-1,3,0,0,1,0,0,1,0,0,0,1,1,1,1,0,
688,808474,1,0,4,1,1,2,0,0,7,0,1,1,1,1,1,1,1,0,0,0,1,1,0,1,5,8,22,0,1,0,0,0,1,0,0,1,0,1,1,1,1,1,0,
689,808552,1,0,3,1,1,2,0,0,12,0,1,1,1,1,1,1,1,1,1,1,1,1,1,1,5,15,36,-1,1,0,1,1,0,0,1,1,1,1,1,1,1,1,1,
690,808566,1,0,1,0,1,2,0,1,7,0,1,1,1,1,1,1,1,1,1,1,1,1,1,1,4,14,29,0,1,0,0,1,1,0,1,1,1,1,1,1,1,1,1,
691,808568,1,0,2,0,1,2,0,1,11,0,1,1,1,1,1,1,1,1,1,1,1,0,0,1,5,6,46,0,5,0,1,0,0,0,1,0,0,1,1,1,1,1,1,
692,808676,1,0,5,1,1,2,0,0,6,0,1,0,0,1,0,1,0,0,0,0,0,0,0,1,1,0,35,0,1,0,1,0,0,0,1,0,0,1,1,1,1,1,0,
693,808677,1,0,2,1,1,2,0,0,10,0,1,1,1,1,0,1,1,0,0,0,1,0,0,0,3,6,25,0,1,0,0,0,1,0,1,0,0,1,1,1,0,1,0,
694,808678,1,0,4,1,1,1,0,0,12,0,0,0,0,0,0,1,0,0,0,0,0,0,0,0,0,0,26,0,5,0,0,0,0,0,1,0,0,0,0,0,0,0,0,
695,808695,1,0,5,1,1,2,0,1,8,0,1,1,1,1,1,1,1,1,0,1,1,0,0,1,4,9,27,0,1,0,1,1,0,0,1,1,1,0,1,1,0,1,1,
696,808696,1,1,5,1,1,2,0,1,8,0,1,1,1,1,0,1,1,1,0,1,1,0,0,0,4,7,29,0,1,0,0,0,0,1,1,0,0,0,1,0,1,1,0,
697,809538,0,0,1,0,0,2,0,0,12,0,1,0,0,0,0,0,0,0,0,0,0,0,0,0,1,0,40,2,1,0,0,0,0,0,0,0,0,0,0,0,0,0,0,
698,809567,0,0,4,0,0,2,0,0,10,0,0,0,0,0,0,0,0,0,0,0,0,0,0,0,0,1,24,0,1,0,0,0,0,0,0,0,0,0,0,0,0,0,0,
699,809674,0,0,2,0,0,2,0,0,12,0,1,0,1,0,0,0,0,0,0,0,0,0,0,0,2,0,22,0,1,0,0,0,0,0,0,0,0,0,0,0,0,0,0,
700,809675,0,0,5,0,0,2,0,0,6,0,1,1,1,0,0,0,0,0,0,0,0,0,0,0,5,4,33,-1,5,0,1,1,0,0,0,0,0,0,0,0,0,0,0,
701,908001,1,1,3,1,1,1,0,0,0,0,0,0,0,0,0,0,0,0,0,0,0,0,0,0,999,0,19,0,1,0,0,0,0,0,0,0,0,0,0,0,0,0,0,
702,908003,1,1,4,1,1,2,0,0,0,0,0,0,0,0,0,0,0,0,0,0,0,0,0,0,999,0,35,0,1,0,0,0,0,0,0,0,0,0,0,0,0,0,0,
703,909002,0,0,5,0,0,2,0,0,0,0,0,1,0,0,0,0,0,0,0,0,0,0,0,0,1,0,26,0,999,0,0,0,0,0,0,0,0,0,0,0,0,0,0,
704,909004,0,1,4,0,0,2,1,0,11,0,0,0,0,0,0,0,0,0,0,0,0,0,0,0,0,0,35,-2,5,0,0,0,0,0,0,0,0,0,0,0,0,0,0,
