CASEID,G1NUMBER,H1JEALUS,H2LIMIT,H3KNOWNG,J1HIT,J2THROWN,J3PUSH,J4SLAP,J5KICK,J6OBJECT,J7BEAT,J8CHOKE,J9KNIFE,J10GUN,J11SEX,POWER,HARASS,B1AGE,AGEDISP,STDETAI,SAMESEXR,N11DRUGS,N12ALCHL,N13SUHIM,N16CHILD,N17ARRST,N1FRQNCY,N2SVRITY,N3WEAPON,N4CHOKE,N5SEX,N6CONTRL,N8JEALUS,N10CPBLE
108395,9999,1,2,1,1,1,1,2,2,2,2,2,2,2,2,2,3,18,4,1,9999,1,1,2,2,2,2,2,2,2,2,2,2,2
108397,9999,1,2,1,1,2,1,1,2,2,2,1,1,2,2,2,5,30,4,2,9999,2,1,2,2,1,2,1,1,1,1,2,1,1
108399,9999,1,2,1,2,1,1,2,2,2,2,1,2,2,2,3,2,27,1,1,9999,2,2,2,2,2,2,2,2,1,2,2,2,2
108443,9999,1,2,1,1,1,1,1,2,1,2,1,2,2,2,3,5,19,1,2,9999,2,1,2,2,1,2,2,1,1,2,1,2,2
108444,9999,1,2,1,1,2,1,1,2,2,2,2,2,2,2,2,3,18,1,5,9999,2,2,2,2,1,1,1,2,2,2,2,2,2
108456,9999,1,2,1,1,2,1,1,1,2,2,1,2,2,1,2,8,18,4,5,9999,2,2,1,2,1,2,2,2,1,1,2,1,1
108460,9999,1,2,2,1,2,1,1,1,2,2,2,2,2,2,2,2,18,1,5,9999,2,2,2,2,2,2,2,2,2,2,2,1,1
108525,9999,1,1,1,1,1,1,1,1,1,1,1,1,1,1,5,13,36,1,1,9999,2,2,2,2,1,1,1,1,1,1,1,1,1
108562,9999,2,2,1,1,2,2,2,2,2,2,2,2,2,2,2,7,32,4,1,9999,1,1,1,1,2,2,2,1,2,2,1,1,1
109304,9999,1,2,2,2,2,2,2,2,2,2,2,2,2,2,1,3,22,1,2,9999,2,2,1,2,2,3,3,3,3,3,3,3,3
109327,9999,2,2,2,2,2,2,2,2,2,2,2,2,2,2,0,2,41,1,1,9999,2,1,2,2,1,3,3,3,3,3,3,3,3
109335,9999,1,2,2,2,2,2,2,2,2,2,2,2,2,2,1,0,37,5,2,9999,2,2,2,2,2,3,3,3,3,3,3,3,3
109400,9999,2,2,2,2,2,2,2,2,2,2,2,2,2,2,0,0,34,5,3,9999,2,2,2,2,2,3,3,3,3,3,3,3,3
109455,9999,1,2,2,2,2,2,2,2,2,2,2,2,2,2,1,1,18,1,5,9999,2,2,2,2,2,3,3,3,3,3,3,3,3
109564,9999,1,2,2,2,2,2,2,2,2,2,2,2,2,2,2,3,20,1,5,9999,2,2,2,2,2,3,3,3,3,3,3,3,3
109565,9999,2,2,2,2,2,2,2,2,2,2,2,2,2,2,0,0,20,1,2,9999,2,2,2,2,1,3,3,3,3,3,3,3,3
118051,999,1,1,1,1,2,2,2,2,2,2,2,2,2,2,4,3,41,5,5,9999,2,2,2,2,2,999,999,999,999,999,999,999,999
118058,9999,1,1,1,1,1,1,1,2,2,2,1,2,2,2,4,5,28,1,2,9999,1,2,1,2,1,1,1,2,1,2,1,1,1
118175,9999,2,2,1,1,1,1,1,1,1,2,2,2,2,2,2,0,38,1,1,9999,2,2,2,2,888,2,2,2,1,2,2,2,1
118176,9999,1,1,1,2,1,2,1,2,1,1,2,2,2,1,4,7,22,4,1,9999,2,1,2,2,1,2,1,2,1,1,2,1,2
118177,9999,1,1,1,1,2,1,1,1,2,1,1,2,2,1,4,10,35,1,1,9999,1,2,1,1,1,2,2,2,1,1,1,1,1
118178,9999,1,2,1,1,1,1,2,1,2,1,2,2,2,2,4,5,21,4,5,9999,1,2,2,2,1,2,2,2,1,2,1,2,1
118182,9999,1,1,1,1,1,1,1,2,2,2,2,2,2,2,4,7,26,1,1,9999,2,2,1,2,1,2,2,2,1,2,2,2,1
118183,9999,1,1,1,1,1,1,1,1,2,1,1,2,2,2,4,5,25,1,5,9999,2,1,1,2,2,1,1,2,1,2,2,1,888
118192,9999,1,1,1,2,1,1,1,1,1,1,1,2,2,2,5,14,25,1,2,9999,1,2,2,2,1,1,2,1,1,1,1,1,1
118193,9999,1,1,1,1,1,1,1,1,1,1,1,1,1,1,5,17,30,1,5,9999,2,1,1,2,1,2,2,1,1,1,1,1,1
118341,888,1,1,1,1,1,1,1,1,1,1,1,1,1,1,5,12,33,1,1,9999,1,1,999,2,1,1,1,1,1,1,1,1,1
118458,9999,1,2,1,1,1,1,1,1,1,1,2,2,2,1,4,3,39,1,2,9999,1,1,2,1,1,1,1,1,1,1,1,1,1
118520,9999,1,2,1,1,1,1,2,2,1,2,1,2,2,2,4,6,36,2,2,9999,2,2,2,2,2,1,1,2,1,2,2,2,2
119097,3,2,2,2,2,2,2,2,2,2,2,2,2,2,2,0,1,22,1,2,9999,2,2,2,2,2,3,3,3,3,3,3,3,3
119098,9999,2,2,2,2,2,2,2,2,2,2,2,2,2,2,0,0,50,5,2,9999,2,2,2,2,2,3,3,3,3,3,3,3,3
119104,9999,2,2,2,2,2,2,2,2,2,2,2,2,2,2,0,0,67,2,1,9999,2,2,2,2,2,3,3,3,3,3,3,3,3
119180,9999,1,1,1,2,2,2,2,2,2,2,2,2,2,2,3,2,38,5,5,9999,2,2,2,2,2,3,3,3,3,3,3,3,3
119181,9999,2,2,2,2,2,2,2,2,2,2,2,2,2,2,0,0,42,5,5,9999,2,2,2,2,2,3,3,3,3,3,3,3,3
119194,9999,2,2,2,2,2,2,2,2,2,2,2,2,2,2,0,1,40,5,1,9999,2,2,2,2,2,3,3,3,3,3,3,3,3
119208,9999,2,2,2,2,2,2,2,2,2,2,2,2,2,2,0,0,39,1,1,9999,2,2,2,2,2,3,3,3,3,3,3,3,3
129052,999,1,2,1,2,2,2,2,2,2,2,2,2,2,2,2,1,18,1,2,9999,2,2,2,2,1,3,3,3,3,3,3,3,3
129053,9999,1,2,1,2,2,2,2,2,2,2,2,2,2,2,3,2,22,1,2,9999,2,2,2,2,1,3,3,3,3,3,3,3,3
129117,2,2,2,2,2,2,2,2,2,2,2,2,2,2,2,0,0,21,1,5,9999,2,2,2,2,1,3,3,3,3,3,3,3,3
138068,9999,1,1,1,1,2,2,2,2,2,2,2,2,2,2,5,6,38,1,1,9999,1,1,2,2,1,999,999,999,999,999,999,999,999
139403,9999,1,2,2,2,2,2,2,2,2,2,2,2,2,2,1,0,36,1,5,9999,2,2,2,2,2,3,3,3,3,3,3,3,3
148059,9999,1,1,1,1,2,1,1,1,2,1,2,2,2,1,4,6,30,2,1,9999,1,1,2,2,1,1,1,2,1,1,1,1,2
148092,1,1,1,1,1,2,1,2,1,2,1,1,2,2,1,4,2,18,1,2,9999,2,2,2,2,1,2,2,2,1,1,1,1,1
148099,9999,2,2,1,1,1,2,1,2,1,2,2,2,2,2,2,4,27,2,1,9999,2,1,2,2,1,2,2,1,1,1,2,1,1
148100,9999,1,2,2,1,1,1,1,2,2,1,2,2,2,2,1,3,18,4,2,9999,2,2,2,2,1,2,2,2,2,2,2,2,2
148106,9999,1,1,1,1,2,1,1,2,2,1,1,2,1,2,4,6,21,1,5,9999,2,2,1,2,2,2,2,1,1,2,1,1,2
148107,9999,1,1,1,1,1,1,1,1,1,1,1,2,2,1,5,10,32,5,2,9999,2,1,2,2,1,1,2,2,1,1,1,1,1
148108,9999,1,2,1,1,2,1,1,1,2,1,1,2,2,1,3,4,35,1,2,9999,2,1,2,2,1,2,2,2,1,1,1,1,1
148109,9999,1,1,1,1,1,1,1,1,2,1,1,2,2,2,3,4,20,1,5,9999,2,2,2,2,1,1,1,2,1,2,1,1,1
148110,9999,2,2,1,2,2,1,2,2,2,2,2,2,2,2,1,4,32,1,1,9999,2,2,2,2,2,2,2,2,2,2,2,2,888
148111,9999,1,1,2,2,2,1,2,2,2,2,1,2,2,2,3,0,27,1,5,9999,2,2,2,2,2,2,2,2,1,1,2,2,2
148113,9999,1,1,1,1,1,1,1,1,2,1,1,1,2,1,5,8,27,4,5,9999,1,888,1,2,1,1,2,1,1,1,1,1,888
148115,1,1,1,1,1,1,1,1,1,1,1,2,2,2,2,4,6,31,4,2,9999,1,2,2,2,1,1,1,2,1,1,2,1,1
148118,9999,1,1,1,1,2,1,1,1,2,1,1,1,1,1,4,8,36,1,1,9999,1,2,1,2,888,1,2,1,1,1,1,1,1
148119,9999,1,1,1,2,2,1,2,2,2,2,2,2,2,2,4,3,39,1,1,9999,2,1,1,2,1,2,2,2,2,2,2,2,1
148120,9999,1,2,1,1,2,1,2,2,2,2,2,2,2,2,3,3,19,4,1,9999,2,2,2,2,1,2,2,2,1,2,1,2,2
148122,9999,2,2,2,2,2,1,2,2,2,2,2,2,2,2,0,3,26,1,2,9999,2,2,2,2,2,2,2,2,2,2,2,2,1
148156,999,1,2,1,2,2,2,2,2,1,2,2,2,2,2,3,8,32,1,2,1,2,2,2,2,2,2,2,2,2,1,1,2,2
148164,9999,1,2,1,1,1,1,1,2,1,1,1,1,2,2,2,6,20,4,1,9999,1,1,2,2,1,2,1,1,1,2,1,1,1
148204,999,1,1,1,1,1,1,1,1,1,1,1,1,1,2,4,13,22,1,2,9999,1,1,2,2,1,1,1,1,1,2,1,1,2
148205,9999,2,2,2,1,2,1,1,2,2,2,2,2,1,2,0,1,18,1,2,9999,2,2,2,2,1,2,2,1,2,2,2,1,2
148209,9999,1,2,1,1,1,1,1,2,1,2,2,2,2,2,3,9,18,4,2,9999,2,2,2,2,1,2,2,2,2,2,2,2,2
148210,888,1,2,1,1,1,1,1,1,1,1,1,2,2,1,3,11,18,1,2,9999,2,2,1,2,1,2,2,2,1,1,1,1,2
148241,1,1,1,1,1,1,1,1,1,2,1,2,2,2,2,4,10,18,1,2,9999,2,2,1,2,1,1,2,2,1,2,1,1,1
148242,9999,1,2,1,1,2,1,1,1,2,1,1,2,2,2,2,3,18,1,1,9999,2,2,2,2,1,2,2,2,1,2,1,1,2
148245,9999,1,2,1,2,2,2,1,2,2,2,2,2,2,2,2,4,25,4,1,9999,2,2,2,2,2,1,1,2,2,2,1,2,2
148247,15,1,1,1,1,1,1,1,1,1,1,1,1,1,1,5,13,21,1,2,9999,2,2,2,2,1,1,1,1,1,1,1,1,1
148344,9999,1,1,1,1,2,1,1,1,2,2,2,2,2,2,4,5,34,6,2,9999,1,1,2,2,2,2,2,2,2,2,2,2,1
148345,1,1,2,2,1,2,2,2,2,2,2,2,2,2,2,1,4,33,1,2,9999,2,2,2,2,888,2,2,2,2,2,1,2,2
148350,9999,1,1,1,1,2,1,2,2,2,2,1,2,2,2,3,6,20,1,2,9999,2,1,2,2,1,2,2,2,1,2,1,2,2
148351,9999,1,2,2,2,1,1,2,1,2,2,2,1,2,2,2,5,43,2,1,9999,2,1,2,2,1,2,2,1,2,2,2,2,2
148402,9999,1,1,1,1,2,1,1,1,2,1,1,2,2,2,5,7,26,2,1,9999,2,2,2,2,2,2,2,2,1,2,1,1,2
148459,9999,1,1,1,1,2,1,2,2,2,2,1,2,2,2,5,2,21,1,1,9999,999,999,999,999,999,999,999,999,999,999,999,999,999
148521,9999,1,2,2,1,2,2,2,1,2,2,2,2,2,1,1,3,18,1,2,9999,2,2,2,2,2,2,2,2,2,2,2,2,2
148559,9999,1,2,1,2,2,1,2,2,2,2,2,2,2,2,3,3,19,1,2,9999,2,2,2,2,1,2,2,2,2,2,1,2,2
148560,9999,1,2,1,1,1,1,1,1,1,1,1,1,2,1,3,7,31,4,1,9999,2,2,2,2,1,2,2,1,1,1,1,1,1
148611,9999,2,2,2,1,2,1,1,1,2,1,2,2,2,2,1,1,29,2,1,9999,2,2,2,2,2,2,2,2,1,2,2,2,2
148614,9999,2,1,2,2,2,1,2,2,2,2,2,1,2,2,1,3,18,1,2,9999,2,2,2,2,2,1,2,2,2,1,2,2,2
149070,9999,1,1,1,2,2,2,2,2,2,2,2,2,2,2,5,6,27,4,2,9999,2,2,2,2,2,3,3,3,3,3,3,3,3
149073,9999,2,2,2,2,2,2,2,2,2,2,2,2,2,2,0,1,29,1,1,9999,2,2,2,2,2,3,3,3,3,3,3,3,3
149074,9999,2,2,2,2,2,2,2,2,2,2,2,2,2,2,1,0,28,1,5,9999,2,2,2,2,2,3,3,3,3,3,3,3,3
149112,9999,2,2,1,2,2,2,2,2,2,2,2,2,2,2,1,2,23,4,1,9999,2,2,1,2,1,3,3,3,3,3,3,3,3
149114,9999,2,2,2,2,2,2,2,2,2,2,2,2,2,2,0,0,31,1,1,9999,2,1,2,2,1,3,3,3,3,3,3,3,3
149116,9999,2,2,2,2,2,2,2,2,2,2,2,2,2,2,0,0,23,1,2,9999,2,2,2,2,2,3,3,3,3,3,3,3,3
149155,9999,2,2,2,2,2,2,2,2,2,2,2,2,2,2,0,0,25,1,2,9999,2,2,2,2,2,3,3,3,3,3,3,3,3
149173,9999,2,2,2,2,2,2,2,2,2,2,2,2,2,2,0,2,20,1,2,9999,2,2,2,2,1,3,3,3,3,3,3,3,3
149246,9999,1,2,2,2,2,2,2,2,2,2,2,2,2,2,1,0,30,1,1,9999,1,1,1,2,2,3,3,3,3,3,3,3,3
149333,9999,2,2,2,2,2,2,2,2,2,2,2,2,2,2,0,0,29,1,3,9999,2,2,2,2,2,3,3,3,3,3,3,3,3
149334,9999,2,2,1,2,2,2,2,2,2,2,2,2,2,2,1,0,21,1,2,9999,2,2,2,2,2,3,3,3,3,3,3,3,3
149401,9999,1,2,1,2,2,2,2,2,2,2,2,2,2,2,2,5,19,4,2,9999,2,1,2,2,1,3,3,3,3,3,3,3,3
149626,9999,2,2,2,2,2,2,2,2,2,2,2,2,2,2,0,0,32,5,1,9999,2,2,2,2,1,3,3,3,3,3,3,3,3
158095,9999,2,1,2,1,2,1,2,2,2,2,2,2,2,2,1,2,27,5,5,9999,1,1,2,2,1,2,2,2,2,2,2,2,2
158522,1,1,1,1,1,1,1,1,1,1,1,1,2,2,1,4,10,20,1,2,9999,2,2,2,2,1,2,2,1,1,1,1,1,2
158523,1,1,1,1,2,2,1,2,2,2,2,2,2,2,1,5,5,21,1,2,9999,2,1,2,2,1,2,2,2,2,1,1,1,1
158561,9999,1,1,1,1,1,1,1,1,1,1,1,2,2,2,5,12,20,1,2,9999,1,1,1,2,1,1,1,1,1,2,1,1,1
158625,9999,1,2,2,2,2,1,2,2,2,2,2,2,2,2,2,2,18,4,2,9999,2,2,2,2,2,2,1,2,1,2,1,1,2
159050,999,1,2,1,2,2,2,2,2,2,2,2,2,2,2,2,2,20,5,2,9999,2,2,2,2,2,3,3,3,3,3,3,3,3
159399,9999,1,2,2,2,2,2,2,2,2,2,2,2,2,2,1,3,27,1,1,9999,1,2,888,2,2,3,3,3,3,3,3,3,3
168071,9999,1,1,1,1,1,1,1,2,2,1,1,2,1,2,5,9,20,1,5,9999,2,2,1,2,1,1,2,1,1,2,1,1,1
168072,9999,2,2,2,1,1,1,1,2,2,2,1,2,2,1,1,2,21,1,1,9999,2,2,1,2,2,2,2,2,1,1,2,2,888
168091,9999,2,2,1,1,2,2,2,1,2,2,2,2,2,2,1,5,18,1,5,9999,2,2,2,2,2,2,2,2,2,2,2,2,2
168105,9999,2,2,2,2,2,1,1,2,2,2,2,2,2,2,0,1,27,1,1,9999,2,1,1,2,1,2,2,2,2,2,2,2,2
168121,9999,1,2,2,1,2,1,2,1,2,2,1,2,2,2,1,5,18,1,5,9999,2,1,2,2,1,2,2,2,1,2,2,2,1
168123,9999,1,2,1,1,2,1,2,2,2,2,2,2,2,2,4,1,24,1,1,9999,2,2,2,2,2,2,2,2,2,2,2,2,2
168202,9999,1,1,1,1,2,1,1,1,2,2,2,2,2,2,4,6,22,1,5,9999,2,2,1,2,1,2,2,2,2,888,1,2,1
168237,9999,2,2,2,1,2,2,2,2,2,2,2,2,2,2,0,0,20,4,2,9999,2,1,2,2,1,2,2,2,2,2,2,2,2
168238,9999,1,2,2,2,2,1,2,2,2,2,2,2,2,2,1,2,22,1,5,9999,2,2,2,2,1,2,2,2,2,2,2,2,1
168239,9999,1,1,1,1,2,1,1,1,1,2,1,2,2,2,4,0,19,1,1,9999,2,2,1,2,1,2,2,2,1,2,1,1,1
168251,9999,1,2,1,2,2,1,2,2,2,2,2,2,2,2,2,5,26,4,5,9999,2,2,2,2,2,2,2,2,2,2,2,2,2
168252,9999,1,2,2,2,2,1,1,2,2,2,2,2,2,2,1,1,18,1,5,9999,2,2,2,2,2,2,2,2,2,2,2,2,2
168253,9999,1,1,1,1,2,1,1,2,2,2,1,2,2,1,5,6,32,1,1,9999,2,1,2,2,1,1,2,2,1,1,1,2,2
168305,9999,1,2,1,1,1,1,1,1,2,1,1,2,1,2,2,9,22,1,1,9999,2,1,2,2,1,2,1,1,1,2,2,1,1
168322,9999,1,2,1,1,2,1,2,2,2,2,2,2,2,2,3,1,21,1,5,9999,2,1,2,2,2,2,2,2,2,2,2,2,2
168328,9999,1,1,1,2,2,1,1,2,2,2,2,1,2,2,3,3,19,1,5,9999,2,2,2,2,2,2,2,2,2,2,1,2,2
168329,2,1,2,1,2,2,1,2,2,2,2,1,2,2,2,2,6,20,1,5,9999,2,2,2,2,1,2,2,2,1,2,2,1,2
168330,9999,1,1,1,1,1,1,2,2,2,2,2,2,1,2,4,14,21,4,5,9999,2,2,1,2,1,2,2,1,1,1,1,1,2
168332,9999,2,2,2,2,2,1,2,2,1,2,2,2,2,2,0,0,22,1,5,9999,2,2,2,2,2,2,2,2,2,2,2,2,1
168333,3,1,1,1,1,1,1,1,1,2,2,2,2,2,2,5,9,29,1,5,9999,1,1,1,2,1,1,2,2,2,2,1,1,2
168338,9999,1,1,1,1,1,1,1,1,2,1,1,2,2,2,4,3,19,1,5,9999,2,2,2,2,2,2,2,2,1,2,2,2,1
168339,9999,1,2,2,2,1,1,1,2,1,2,1,2,2,2,1,2,18,1,5,9999,2,2,2,2,2,2,2,2,1,2,2,2,2
168340,1,1,1,1,1,1,1,1,1,1,1,2,1,2,1,4,4,33,1,5,9999,1,1,2,2,1,2,2,1,2,1,1,1,2
168342,9999,2,2,2,2,2,1,2,2,2,2,2,2,2,2,1,0,19,4,5,9999,2,2,2,2,2,2,2,2,2,2,2,2,2
168349,1,1,1,1,1,1,1,1,1,1,1,1,1,2,2,5,5,28,1,1,9999,1,1,2,2,1,2,2,1,1,2,1,1,2
168354,9999,2,2,2,1,2,1,2,2,2,2,1,2,2,2,0,5,35,1,5,9999,2,2,2,2,2,2,2,2,1,2,2,2,2
168396,9999,2,2,1,1,1,1,2,2,2,2,1,2,2,2,3,8,19,1,1,9999,2,2,2,2,1,1,1,1,1,2,1,1,2
168398,9999,1,2,1,1,1,1,2,1,2,1,1,2,2,2,3,1,18,4,5,9999,2,2,2,2,1,2,2,2,1,2,2,2,2
168454,9999,1,1,1,2,1,1,1,2,1,2,2,2,2,2,5,5,32,1,1,9999,2,2,2,2,2,2,2,2,1,2,1,2,1
168518,9999,1,2,1,2,2,1,2,2,2,2,2,2,2,2,2,0,18,5,5,9999,2,2,2,2,888,2,2,2,2,2,2,1,2
168519,9999,1,2,1,1,2,1,2,2,2,1,1,2,2,1,2,0,24,1,1,9999,2,1,1,2,1,2,2,2,1,1,1,2,1
168524,9999,1,1,1,1,2,2,2,2,2,2,2,2,2,2,5,5,24,1,1,9999,2,2,2,2,888,2,2,2,2,2,1,1,2
168526,9999,1,1,1,1,2,1,1,1,1,1,1,1,2,1,4,5,18,1,2,9999,2,2,2,2,1,2,2,1,1,1,1,1,1
168563,9999,1,1,1,1,2,1,1,1,2,1,1,2,2,2,5,10,25,1,1,9999,1,2,2,2,1,2,2,2,1,2,1,1,2
168610,9999,1,2,1,1,1,1,1,1,1,1,1,1,2,2,3,7,18,4,5,9999,2,1,1,2,1,2,2,1,1,2,1,1,1
168612,9999,1,2,2,2,2,2,2,2,2,2,2,2,2,1,1,2,22,1,2,9999,2,1,2,2,1,2,2,2,2,1,2,2,2
168616,9999,1,1,1,1,2,1,2,1,2,1,1,2,2,2,4,9,18,1,5,9999,2,1,2,1,1,2,2,1,1,2,1,1,2
168618,9999,2,2,2,1,2,2,1,2,2,1,1,2,2,2,0,0,50,1,3,9999,2,2,2,2,2,2,2,1,2,1,1,2,1
168619,9999,1,1,1,1,1,1,1,1,1,1,1,1,2,1,5,8,41,4,2,9999,2,1,2,2,1,1,1,1,1,1,1,1,1
168624,9999,1,2,1,1,2,1,2,1,2,2,2,2,2,2,3,2,18,1,5,9999,2,2,2,2,2,2,2,2,2,2,1,2,2
168627,9999,1,2,1,1,2,1,2,2,2,2,2,1,2,1,3,5,18,4,5,9999,2,2,2,2,2,2,2,2,2,1,1,1,1
168628,9999,1,2,1,2,2,2,2,2,2,2,2,2,2,1,3,1,31,1,5,9999,2,2,2,2,2,2,2,2,2,1,1,2,2
169069,9999,2,2,2,2,2,2,2,2,2,2,2,2,2,2,0,0,19,1,5,9999,2,2,2,2,2,3,3,3,3,3,3,3,3
169203,9999,1,1,1,2,2,2,2,2,2,2,2,2,2,2,3,2,19,4,2,9999,2,2,2,2,1,3,3,3,3,3,3,3,3
169206,999,1,2,2,2,2,2,2,2,2,2,2,2,2,2,1,2,20,1,5,9999,2,2,2,2,1,3,3,3,3,3,3,3,3
169207,9999,1,2,1,2,2,2,2,2,2,2,2,2,2,2,3,2,26,1,5,9999,2,2,2,2,2,3,3,3,3,3,3,3,3
169240,9999,2,2,2,2,2,2,2,2,2,2,2,2,2,2,1,1,32,1,1,9999,2,2,2,2,1,3,3,3,3,3,3,3,3
169243,9999,1,2,2,2,2,2,2,2,2,2,2,2,2,2,1,0,19,1,5,9999,2,2,2,2,2,3,3,3,3,3,3,3,3
169244,1,1,1,1,2,2,2,2,2,2,2,2,2,2,2,3,2,21,1,2,9999,2,1,2,2,1,3,3,3,3,3,3,3,3
169248,9999,2,2,2,2,2,2,2,2,2,2,2,2,2,2,0,0,32,1,1,9999,2,2,2,2,1,3,3,3,3,3,3,3,3
169249,9999,2,2,2,2,2,2,2,2,2,2,2,2,2,2,0,0,27,1,2,9999,2,2,2,2,1,3,3,3,3,3,3,3,3
169250,9999,1,2,1,2,2,2,2,2,2,2,2,2,2,2,3,1,18,4,5,9999,2,2,2,2,2,3,3,3,3,3,3,3,3
169254,9999,1,2,1,2,2,2,2,2,2,2,2,2,2,2,3,2,29,4,5,9999,2,2,2,2,888,3,3,3,3,3,3,3,3
169326,9999,1,2,1,2,2,2,2,2,2,2,2,2,2,2,2,2,18,1,2,9999,2,2,2,2,1,3,3,3,3,3,3,3,3
169331,1,1,2,1,2,2,2,2,2,2,2,2,2,2,2,2,0,19,1,2,9999,2,2,1,2,2,3,3,3,3,3,3,3,3
169343,1,2,2,2,2,2,2,2,2,2,2,2,2,2,2,0,1,26,4,3,9999,2,1,2,2,1,3,3,3,3,3,3,3,3
169352,9999,1,2,1,2,2,2,2,2,2,2,2,2,2,2,2,1,20,4,1,9999,2,2,2,2,2,3,3,3,3,3,3,3,3
169353,9999,2,2,2,2,2,2,2,2,2,2,2,2,2,2,0,0,28,1,5,9999,2,1,2,2,1,3,3,3,3,3,3,3,3
169404,9999,1,2,2,2,2,2,2,2,2,2,2,2,2,2,1,3,28,1,1,9999,2,1,2,2,1,3,3,3,3,3,3,3,3
169517,9999,4,4,4,4,4,4,4,2,4,4,2,2,2,4,0,1,19,999,1,9999,2,2,2,2,1,3,3,2,2,2,2,2,2
169613,9999,1,2,2,2,2,2,2,2,2,2,2,2,2,2,1,1,22,1,5,9999,2,1,1,2,1,3,3,3,3,3,3,3,3
169615,9999,2,2,2,2,2,2,2,2,2,2,2,2,2,2,0,0,43,1,3,9999,2,2,2,2,2,3,3,3,3,3,3,3,3
169617,9999,1,1,1,2,2,2,2,2,2,2,2,2,2,2,4,1,26,1,5,9999,2,2,2,2,2,3,3,3,3,3,3,3,3
218042,9999,2,2,2,2,2,1,2,2,2,2,2,2,2,2,0,1,26,1,2,1,2,2,2,2,2,2,2,2,2,2,2,2,2
218048,9999,2,2,1,2,2,1,2,2,2,2,2,2,2,2,2,6,30,5,2,9999,1,1,1,2,2,2,2,2,2,2,2,2,2
218148,9999,1,1,1,1,2,1,2,2,2,2,2,2,2,2,3,4,31,1,1,1,2,1,1,2,888,1,2,2,1,2,1,1,2
218160,9999,2,1,2,2,2,1,1,2,2,2,2,2,2,2,1,2,27,1,2,9999,1,2,1,2,2,2,2,2,2,1,2,2,2
219147,9999,2,2,2,2,2,2,2,2,2,2,2,2,2,2,1,4,26,1,2,9999,2,1,2,2,1,3,3,3,3,3,3,3,3
219235,9999,2,2,2,2,2,2,2,2,2,2,2,2,2,2,0,1,18,1,2,9999,2,1,2,2,2,3,3,3,3,3,3,3,3
228284,9999,1,1,1,1,1,1,2,2,2,2,2,1,2,2,4,7,24,1,2,9999,1,1,1,2,1,1,1,1,2,2,1,2,1
229047,9999,2,2,2,2,2,2,2,2,2,2,2,2,2,2,0,0,36,2,5,9999,2,1,2,2,1,3,3,3,3,3,3,3,3
308001,9999,2,2,1,2,2,2,1,1,2,2,2,2,2,2,2,2,31,1,2,9999,2,2,2,2,2,2,2,2,2,2,1,2,2
308002,9999,1,1,1,1,1,1,2,1,1,1,1,2,2,2,4,5,18,1,2,9999,2,2,2,2,2,1,2,1,1,2,1,1,2
308003,9999,2,1,2,2,2,1,1,1,2,1,1,2,1,2,3,10,31,4,6,9999,1,2,1,2,888,1,2,1,2,1,2,1,2
308004,9999,1,2,2,2,2,1,2,1,2,2,2,2,2,2,1,1,27,4,5,9999,1,2,2,2,1,2,2,2,2,2,2,2,2
308005,9999,1,1,1,1,1,1,1,1,1,1,2,2,2,1,5,6,19,1,2,9999,2,1,1,2,1,2,2,2,2,2,2,1,1
308006,9999,1,1,1,1,1,1,1,1,2,1,2,1,2,2,5,10,30,1,2,9999,1,2,2,2,2,2,1,1,1,2,2,2,2
308007,9999,1,2,2,1,1,1,1,2,2,2,2,2,2,2,2,2,50,1,2,9999,2,2,1,2,2,2,2,2,2,2,2,2,1
308008,9999,1,2,2,1,2,1,1,1,1,1,2,2,2,2,2,1,41,3,2,9999,1,2,2,2,1,2,2,2,2,2,2,2,1
308032,9999,1,1,1,1,1,1,1,1,2,2,1,2,2,1,4,2,33,5,1,9999,2,1,2,2,2,1,1,2,1,1,1,1,2
308033,9999,1,2,2,2,2,1,2,2,2,2,2,2,2,2,1,2,35,1,2,9999,2,1,2,2,1,2,2,2,2,2,2,2,2
308034,9999,1,1,1,1,2,1,1,1,2,1,2,2,2,2,5,4,45,2,2,9999,1,1,2,2,1,1,1,2,2,2,2,1,1
308035,9999,2,2,1,2,2,2,2,1,2,2,2,2,2,2,3,4,42,3,2,9999,1,1,2,888,888,2,2,2,2,2,2,2,1
308037,9999,1,1,1,1,2,1,2,1,2,1,2,2,2,1,5,4,36,1,2,9999,1,1,1,2,1,1,1,2,1,1,2,1,1
308043,9999,2,2,2,2,2,1,2,2,2,2,2,2,2,2,0,0,22,1,2,9999,2,2,2,2,2,2,2,2,2,2,2,2,2
308044,9999,1,1,1,1,1,1,1,1,1,1,1,1,1,1,5,13,24,1,1,9999,2,2,1,2,1,1,2,1,1,1,1,1,1
308045,9999,1,1,1,1,1,1,1,1,1,1,1,1,2,2,4,8,25,1,2,1,2,2,1,2,1,2,2,1,1,1,2,1,888
308046,9999,1,1,1,1,2,2,2,2,2,2,2,2,2,2,5,3,33,1,2,9999,2,2,2,2,2,2,2,2,2,2,2,2,2
308049,9999,1,1,1,1,1,1,1,1,1,1,1,2,1,2,4,12,18,1,1,9999,1,2,1,2,1,2,1,1,1,2,1,1,1
308056,1,2,2,2,2,2,2,2,1,2,2,2,2,2,1,0,3,40,5,999,9999,888,1,2,888,1,2,2,2,2,2,2,2,1
308057,9999,1,2,1,1,1,1,2,1,2,2,1,2,2,1,3,5,18,1,2,9999,1,2,2,2,1,2,2,2,1,2,2,1,1
308060,9999,1,1,1,1,2,1,1,2,2,2,2,2,2,2,3,1,25,5,2,9999,1,1,2,2,1,2,2,2,2,2,1,1,2
308061,9999,1,1,1,1,2,1,1,1,2,2,2,2,2,2,4,7,24,4,2,9999,1,1,1,2,1,2,2,2,2,1,1,1,2
308062,9999,1,2,2,1,2,2,2,2,2,2,2,2,2,2,1,0,47,1,2,9999,2,1,2,2,2,2,2,2,2,2,2,2,1
308064,9999,1,2,2,1,2,1,1,2,2,2,2,2,2,2,1,0,20,1,1,9999,1,2,2,2,1,2,2,2,1,2,2,2,2
308066,9999,1,1,1,1,2,1,1,1,1,1,1,2,1,1,5,13,33,1,2,9999,2,1,2,2,2,1,2,1,1,1,1,1,1
308067,9999,1,2,1,2,2,1,2,2,2,2,2,2,2,1,2,0,29,1,2,9999,1,2,2,2,1,1,2,2,2,1,2,888,1
308079,9999,1,1,1,1,1,1,1,1,1,1,1,1,1,1,4,11,37,2,2,9999,1,2,1,2,1,1,1,1,1,1,1,1,1
308080,9999,1,1,1,1,2,1,1,1,2,1,1,2,2,1,4,5,29,1,2,1,2,1,2,2,1,1,1,2,1,1,2,1,1
308081,9999,1,1,1,1,2,1,2,2,2,2,1,1,2,2,4,6,31,6,1,9999,2,1,2,2,1,1,2,1,1,2,2,1,1
308082,1,2,2,1,1,1,1,1,1,2,1,1,2,2,2,2,4,40,4,2,9999,1,2,2,2,1,2,2,2,1,2,2,2,2
308085,9999,1,2,1,1,1,1,1,1,2,2,1,2,2,2,3,4,20,1,2,9999,1,1,888,888,1,2,2,2,1,2,2,1,1
308086,9999,1,1,1,1,2,1,1,1,2,1,2,2,1,2,4,5,43,1,1,9999,1,1,888,2,2,1,1,2,2,1,2,1,1
308088,9999,1,1,1,1,1,1,1,1,1,1,1,2,2,2,5,14,30,4,2,9999,1,1,1,2,1,1,1,1,1,2,1,1,1
308090,9999,1,1,1,1,2,1,1,2,2,2,1,2,2,1,3,1,21,5,2,9999,2,1,2,2,2,1,2,2,1,1,1,2,2
308093,9999,2,1,1,1,1,1,999,1,2,1,1,2,2,1,4,6,38,1,2,9999,1,1,2,2,1,1,1,1,1,1,1,2,1
308124,9999,1,1,1,1,1,1,1,1,1,1,1,1,1,1,5,15,26,4,5,9999,1,1,2,2,1,1,1,1,1,1,1,1,1
308125,9999,1,2,1,1,1,1,1,1,1,2,1,2,1,2,4,5,36,1,2,1,1,2,1,2,2,2,2,1,1,2,1,2,2
308126,9999,2,2,1,2,2,1,2,1,1,2,2,2,2,2,2,3,34,2,2,9999,2,1,2,2,1,2,2,2,2,2,2,1,2
308128,999,1,1,1,1,1,1,1,1,1,1,1,1,1,1,5,13,47,5,1,9999,2,2,2,2,2,1,1,1,1,1,1,1,1
308129,9999,1,2,1,2,2,1,1,1,2,1,1,2,2,2,2,7,19,4,2,9999,1,1,2,2,1,2,1,2,1,2,1,1,1
308130,9999,1,1,1,2,2,2,1,1,1,1,1,1,1,1,5,11,40,5,1,9999,2,1,2,2,2,1,1,1,1,1,1,1,888
308131,9999,1,1,1,1,1,1,1,2,1,1,2,2,2,1,5,8,36,5,2,9999,2,1,2,2,1,1,1,2,2,2,1,1,1
308132,9999,1,1,1,1,2,1,1,1,2,1,1,2,2,1,4,10,38,4,2,9999,1,2,2,1,1,1,1,1,1,1,1,1,1
308136,9999,1,1,1,2,2,1,2,1,2,2,1,1,2,1,5,5,50,1,2,9999,2,1,1,2,1,1,1,1,1,1,1,1,1
308142,9999,1,1,1,1,1,1,1,1,1,1,1,1,1,1,5,5,29,4,2,9999,1,2,1,2,1,1,1,1,1,1,1,1,1
308144,9999,1,1,1,1,1,1,1,1,2,2,1,2,2,1,5,10,48,1,5,9999,1,1,2,2,2,2,2,2,1,1,1,1,2
308145,9999,1,1,1,1,1,1,1,1,2,1,1,2,2,1,3,8,41,2,2,9999,1,1,2,2,1,1,1,1,1,1,1,1,1
308146,9999,1,1,1,1,1,1,1,2,1,1,1,2,2,1,5,9,34,1,2,9999,2,2,2,2,2,1,1,1,1,1,1,1,2
308149,9999,1,1,1,1,1,1,1,1,2,1,1,2,2,1,5,8,38,1,2,9999,999,1,2,2,1,1,1,2,1,1,1,1,1
308150,9999,1,2,1,1,2,1,2,2,2,2,1,1,2,1,2,4,19,999,2,9999,1,2,2,2,1,2,2,1,1,1,2,2,2
308151,9999,1,1,1,1,2,1,1,2,2,2,2,2,2,2,3,4,18,1,2,9999,2,2,1,2,2,2,2,2,2,2,2,1,1
308153,9999,1,1,1,1,1,1,1,1,1,2,1,2,1,1,5,12,38,4,2,9999,2,2,1,2,1,1,1,1,1,1,1,1,1
308166,9999,1,1,1,1,1,1,1,2,1,2,2,2,2,1,5,10,38,4,5,9999,2,1,1,2,1,2,2,1,2,1,1,1,1
308167,9999,1,1,1,1,1,1,1,1,1,2,1,2,2,1,4,9,46,1,2,9999,1,1,1,1,1,2,1,2,1,1,2,1,1
308168,9999,1,1,1,2,2,2,2,1,2,2,2,2,2,2,4,3,29,1,1,9999,2,2,2,2,2,2,2,2,1,2,2,1,1
308174,1,1,2,1,1,1,1,2,2,1,2,2,2,2,2,3,6,20,4,2,9999,1,1,2,888,1,2,1,2,1,1,2,1,1
308186,999,1,1,1,1,1,1,2,2,2,2,2,1,2,2,5,12,38,2,1,9999,1,1,1,2,1,2,1,1,1,1,1,1,1
308189,9999,1,1,1,1,1,1,1,1,1,1,1,1,1,2,4,8,33,4,2,9999,1,2,2,888,1,2,1,1,1,2,2,1,1
308190,9999,2,2,2,1,2,1,1,1,2,2,2,2,2,2,0,2,39,1,1,9999,2,1,2,2,1,2,2,2,1,2,2,2,2
308191,9999,1,1,1,1,1,1,1,1,1,1,1,2,2,1,5,9,33,4,2,9999,2,2,2,2,1,2,1,2,1,1,1,1,1
308196,9999,1,1,1,1,2,1,2,2,2,2,2,2,2,2,4,5,21,1,5,9999,2,2,2,2,2,1,1,2,2,2,2,1,2
308197,9999,1,1,1,2,1,2,2,2,2,2,2,2,2,2,3,7,27,4,1,9999,2,1,1,2,1,2,2,1,2,2,1,2,1
308198,9999,1,1,1,1,2,1,1,1,2,1,1,2,2,2,3,5,19,1,1,9999,2,2,2,2,1,2,2,2,1,2,1,1,1
308199,9999,1,1,1,1,2,2,2,2,2,2,2,2,2,2,4,2,38,1,2,9999,2,2,2,2,2,2,2,2,2,2,2,2,2
308211,9999,1,2,1,1,1,1,1,1,1,1,2,2,2,2,4,9,25,1,2,9999,1,1,2,2,2,1,2,2,2,2,1,1,1
308213,9999,1,1,1,1,1,1,1,1,1,1,1,1,2,1,5,12,30,5,2,9999,1,1,2,2,1,1,2,1,1,1,1,1,1
308214,9999,1,1,1,1,1,1,1,1,1,1,1,1,2,1,5,8,38,1,2,9999,1,1,2,2,1,1,1,1,1,1,1,1,1
308215,9999,1,1,1,1,2,1,1,2,2,2,1,1,1,2,5,7,39,2,2,9999,1,1,1,2,1,1,1,1,1,2,1,1,2
308216,9999,1,1,1,1,1,1,1,1,1,1,2,2,2,1,5,10,33,1,2,9999,1,1,2,1,1,1,1,1,2,2,1,1,1
308217,9999,2,2,1,2,2,2,2,2,2,2,2,2,2,1,1,4,37,2,2,9999,1,1,2,2,2,2,2,2,2,1,2,2,2
308219,9999,1,1,1,1,2,2,2,2,2,2,2,2,2,2,5,7,25,1,2,9999,1,2,2,2,888,2,2,2,2,2,1,1,2
308220,9999,1,1,1,1,1,1,1,1,1,2,2,1,1,2,5,3,42,1,1,9999,1,1,888,888,1,2,2,1,2,1,1,2,2
308221,9999,1,1,1,1,1,1,1,1,2,1,1,2,2,2,5,9,53,1,2,9999,2,1,1,2,1,1,1,1,1,2,1,1,1
308222,9999,1,1,1,1,1,1,1,1,1,1,1,2,1,1,5,17,41,2,1,9999,1,1,1,1,1,1,1,1,1,1,1,1,1
308225,9999,1,1,1,1,1,1,1,1,1,1,2,1,2,2,5,10,49,2,1,9999,1,2,2,2,1,2,1,1,2,2,1,1,1
308227,9999,1,2,2,1,1,1,1,1,1,1,2,2,2,2,3,5,18,4,5,9999,2,2,1,2,2,1,1,2,2,2,1,1,1
308228,9999,1,2,1,1,2,1,2,2,2,2,2,2,2,2,3,4,33,1,1,1,2,1,2,2,2,2,2,2,2,2,2,1,2
308262,9999,1,1,1,2,2,2,2,2,2,2,1,2,2,2,3,2,19,5,1,9999,888,1,1,2,1,2,2,2,1,2,1,1,2
308264,9999,1,2,2,1,1,1,1,1,2,1,2,2,2,2,1,1,27,4,2,9999,1,2,2,2,1,2,1,2,2,2,2,1,2
308269,9999,1,1,1,1,1,1,1,1,2,1,1,1,1,2,5,8,19,1,2,9999,2,1,2,2,1,1,2,1,1,2,1,2,1
308270,9999,1,1,1,1,1,1,1,1,1,1,1,1,1,1,5,7,22,5,2,9999,1,1,2,2,1,1,1,1,1,1,1,1,1
308271,9999,1,1,1,1,1,1,1,1,1,1,1,1,2,2,5,12,34,1,2,9999,1,2,2,2,1,2,1,1,1,1,1,1,2
308272,9999,1,1,1,1,1,1,1,1,1,1,1,1,2,1,4,10,26,5,2,9999,1,1,1,2,1,1,1,1,1,1,1,1,1
308274,9999,1,1,1,1,1,1,1,1,1,1,1,1,2,1,5,14,37,4,2,9999,2,1,2,2,888,1,1,1,1,1,1,1,1
308276,9999,1,1,1,1,1,1,1,1,2,1,2,2,2,1,5,7,29,5,2,9999,1,2,2,2,1,1,1,1,1,1,1,1,1
308279,9999,1,1,1,2,1,1,2,1,2,2,1,2,2,2,3,7,18,1,2,9999,2,2,1,2,888,2,2,2,2,2,1,2,1
308281,9999,1,1,1,1,1,1,1,1,1,1,1,1,1,1,5,11,36,2,2,9999,1,1,2,2,1,1,2,1,1,1,1,1,1
308282,9999,1,1,1,1,1,1,1,1,1,1,1,1,2,2,5,5,38,1,2,9999,1,1,2,2,1,1,1,1,1,2,2,1,1
308283,9999,1,2,2,2,1,1,1,2,1,2,2,2,2,2,1,1,34,4,2,9999,1,1,2,2,1,2,2,2,1,2,1,1,2
308285,9999,1,1,1,2,2,1,1,1,2,1,2,2,2,2,3,4,19,1,2,9999,2,888,2,2,1,2,2,2,2,2,2,2,2
308287,9999,1,2,1,1,1,1,1,1,1,1,1,2,2,2,3,1,31,1,2,9999,1,1,2,2,1,1,1,2,1,2,1,1,2
308288,9999,1,1,1,1,2,1,2,2,2,2,2,2,2,2,5,4,51,5,5,9999,2,1,2,2,2,1,1,2,2,1,1,1,1
308291,9999,1,2,1,1,2,1,2,2,2,2,2,2,2,1,3,5,20,1,5,9999,1,1,2,2,1,1,1,2,1,2,2,2,2
308296,9999,1,1,1,1,1,1,1,1,1,1,2,1,2,1,5,6,43,1,2,9999,2,1,2,2,1,1,1,1,2,1,1,1,1
308297,9999,1,1,1,1,1,1,1,1,2,1,1,2,2,2,5,8,39,5,2,9999,2,1,2,888,1,2,1,1,1,2,2,2,2
308299,999,1,1,1,1,1,1,1,1,1,1,2,2,1,2,5,6,30,1,1,9999,1,1,2,2,1,1,1,1,2,2,1,1,1
308300,9999,2,2,1,1,2,1,2,2,2,2,2,2,2,2,1,0,34,1,1,9999,1,1,888,2,888,2,2,2,2,1,2,2,2
308301,9999,1,2,1,1,2,2,1,2,2,2,2,2,2,2,3,1,44,3,2,9999,2,2,2,2,1,2,2,2,2,2,1,2,2
308303,9999,1,2,1,1,1,1,1,1,1,1,1,1,2,1,4,12,30,4,5,9999,2,2,2,2,1,1,2,1,1,1,1,1,2
308306,9999,1,2,1,2,2,2,1,2,2,2,2,2,2,2,3,1,39,5,1,9999,2,1,2,2,1,2,2,2,2,2,1,1,2
308307,9999,1,2,1,1,1,1,1,1,1,1,1,1,2,1,3,8,41,1,1,9999,1,1,2,2,1,1,2,1,1,1,1,1,2
308310,9999,1,1,1,1,1,1,1,1,1,1,1,1,1,2,5,15,38,3,2,9999,1,2,1,2,1,1,1,1,1,2,1,1,1
308312,9999,2,2,2,1,1,1,1,1,1,1,2,2,2,2,1,2,47,2,2,9999,1,2,2,2,1,2,2,1,2,2,2,2,2
308313,9999,1,1,1,1,1,1,1,1,1,1,1,1,1,2,5,6,32,5,1,1,2,2,1,2,2,1,2,1,1,2,1,1,2
308314,9999,1,1,1,1,1,1,1,1,1,1,2,2,2,2,5,7,28,1,1,9999,2,1,2,2,1,1,2,2,2,2,1,1,2
308315,9999,1,1,1,1,2,1,1,1,2,1,1,1,2,1,5,10,39,1,2,9999,1,2,2,2,1,2,1,2,1,1,1,1,888
308316,9999,1,1,1,1,1,1,1,1,2,1,1,2,2,1,5,12,26,5,5,9999,1,1,2,2,1,1,1,1,1,1,1,1,1
308317,9999,1,1,1,1,1,1,1,1,1,1,1,1,2,2,5,4,53,2,2,9999,1,1,2,2,1,1,1,1,1,2,2,1,1
308330,999,1,1,1,1,2,1,2,2,2,2,1,2,2,2,4,6,25,1,2,9999,2,1,2,2,1,1,1,2,1,1,1,2,888
308331,9999,1,1,1,1,2,1,1,2,2,2,2,2,2,2,4,4,19,4,2,9999,2,2,2,2,2,1,1,2,2,2,1,1,2
308382,9999,1,1,1,1,1,1,1,1,2,1,1,2,2,1,5,8,41,5,2,9999,2,1,2,2,2,1,1,2,1,1,1,1,1
308384,9999,1,2,2,1,2,1,1,1,2,2,2,2,2,2,2,0,25,1,2,9999,2,2,2,2,1,2,2,2,2,2,2,2,1
308389,9999,1,1,1,1,1,1,1,1,1,2,1,2,2,1,4,8,32,4,2,9999,2,1,2,2,2,2,2,2,1,1,2,1,1
308408,9999,1,1,1,1,1,1,1,1,1,1,1,2,2,2,5,13,27,1,2,9999,2,2,2,2,1,1,2,1,1,1,1,1,1
308409,9999,1,1,1,1,1,1,1,1,2,1,1,1,2,1,5,6,42,1,2,9999,1,1,1,2,1,1,1,1,1,1,1,1,1
308411,9999,1,1,1,1,2,2,2,1,2,2,2,2,2,2,4,7,33,4,5,9999,1,1,1,888,1,2,2,2,1,1,1,1,1
308412,9999,1,2,1,1,1,1,1,888,2,2,2,2,2,2,3,4,29,4,1,9999,888,888,2,2,2,2,2,2,2,2,2,1,888
308426,9999,1,1,1,1,1,1,1,1,2,2,1,2,2,2,5,7,22,1,2,9999,1,1,1,2,1,2,1,1,1,2,1,1,1
308427,9999,1,1,1,1,1,1,1,1,1,1,1,2,1,1,4,10,34,4,1,9999,1,1,2,2,1,1,1,1,1,1,1,1,1
308429,9999,1,2,2,1,2,2,2,2,2,2,1,2,2,1,2,1,41,2,2,9999,2,1,2,2,1,2,2,2,1,1,2,1,1
308430,9999,1,1,1,2,1,1,1,1,1,2,2,1,2,2,5,9,24,1,2,1,2,2,1,2,2,1,2,1,2,2,1,1,1
308431,9999,1,1,1,1,2,1,1,2,2,2,1,2,2,2,5,6,43,1,2,9999,1,2,2,2,1,2,2,2,1,2,1,2,1
308432,9999,1,1,1,1,1,1,1,1,1,1,1,2,1,1,5,13,40,1,2,9999,1,1,2,888,1,1,1,1,1,1,1,1,1
308433,9999,1,1,1,1,2,1,1,1,1,1,1,1,2,1,5,10,31,4,2,9999,2,1,1,2,1,2,2,1,1,1,1,1,1
308434,9999,1,1,1,1,2,1,2,1,2,2,1,2,2,2,4,6,35,1,5,9999,2,2,2,2,1,2,2,1,1,2,1,2,1
308435,9999,1,2,1,2,2,2,2,2,2,2,2,2,2,1,2,3,35,1,5,9999,1,2,1,2,2,2,2,2,1,1,1,1,1
308436,9999,1,1,1,1,2,1,1,1,2,1,2,2,2,2,5,5,32,1,2,1,1,1,888,2,2,2,2,2,2,2,1,2,1
308437,9999,2,2,1,1,1,1,1,1,1,2,1,2,2,2,2,2,29,1,1,9999,2,2,2,2,1,2,2,2,1,2,2,2,2
308438,9999,1,1,1,1,2,1,2,2,2,1,1,2,2,2,3,5,29,4,5,9999,1,2,2,2,1,2,2,2,1,1,1,1,2
308439,9999,1,1,1,2,2,2,2,2,2,2,2,2,2,1,4,12,49,2,2,9999,888,2,2,2,2,2,2,2,2,1,1,1,888
308440,9999,1,1,1,1,1,1,1,1,1,1,1,2,2,1,4,7,34,1,2,9999,888,2,1,2,2,2,1,1,1,1,1,1,1
308441,9999,1,1,1,1,1,1,1,1,1,1,2,1,2,1,5,3,42,5,2,9999,1,1,2,2,888,2,2,1,1,1,1,2,2
308442,9999,2,2,2,2,2,2,2,2,2,2,2,2,2,1,0,2,34,4,1,9999,2,2,2,2,2,2,2,2,2,1,2,2,2
308457,9999,1,2,1,1,2,1,1,2,1,2,2,2,2,2,3,1,48,3,2,9999,2,2,2,2,1,2,2,2,2,2,2,2,888
308487,2,1,2,1,1,1,1,1,1,2,1,1,2,2,2,3,6,31,1,2,9999,2,1,2,2,1,2,2,2,1,2,1,1,1
308492,9999,1,2,2,1,2,1,2,2,2,2,2,2,2,2,1,5,22,1,2,9999,2,1,1,2,1,2,2,2,2,2,2,1,2
308498,9999,1,1,1,1,1,1,2,2,1,2,2,1,2,1,5,5,40,1,1,9999,1,1,2,2,2,2,2,2,2,1,1,1,1
308515,9999,1,1,1,1,2,1,1,2,2,2,2,2,1,2,5,6,42,1,2,9999,2,2,1,2,1,2,2,1,1,1,1,1,2
308548,9999,1,2,2,2,2,1,2,2,2,2,2,2,2,2,1,1,22,4,2,9999,2,2,2,2,1,2,2,2,2,2,2,2,1
308554,9999,2,1,1,1,1,1,1,1,1,1,1,1,1,1,4,14,37,5,2,9999,1,2,2,1,1,2,1,1,1,1,1,1,1
308555,9999,1,2,1,1,1,1,1,1,1,1,1,2,2,2,4,7,20,4,2,9999,1,1,2,2,1,2,2,2,1,2,1,2,1
308556,9999,1,2,1,2,2,1,2,2,2,2,2,2,2,2,2,3,18,1,2,9999,2,2,2,2,2,2,2,2,2,2,2,2,2
308578,9999,999,999,999,999,999,999,999,999,999,999,999,999,999,999,999,0,64,999,2,9999,999,999,999,999,999,999,999,999,999,999,999,999,999
308596,9999,1,1,1,1,1,1,1,1,1,1,1,1,2,2,5,7,42,1,2,9999,2,2,2,2,1,2,1,1,1,1,1,1,1
308599,7,2,2,1,2,2,1,2,2,2,2,1,2,2,2,1,3,41,1,1,9999,1,1,1,2,888,2,2,2,1,1,1,2,2
308629,9999,1,1,1,1,1,1,1,1,1,1,1,2,2,1,5,6,41,1,2,9999,1,1,2,2,1,1,2,2,1,1,1,1,1
309009,888,2,2,1,2,2,2,2,2,2,2,2,2,2,2,1,0,51,2,1,9999,2,2,2,2,888,3,3,3,3,3,3,3,3
309010,9999,2,2,2,2,2,2,2,2,2,2,2,2,2,2,0,1,27,1,5,9999,2,2,2,2,1,3,3,3,3,3,3,3,3
309011,9999,2,2,2,2,2,2,2,2,2,2,2,2,2,2,0,0,55,4,2,9999,2,2,2,2,2,3,3,3,3,3,3,3,3
309012,9999,2,2,2,2,2,2,2,2,2,2,2,2,2,2,0,0,38,1,1,9999,2,2,2,2,2,3,3,3,3,3,3,3,3
309013,9999,2,2,1,2,2,2,2,2,2,2,2,2,2,2,1,0,23,1,5,9999,2,2,2,2,2,3,3,3,3,3,3,3,3
309014,9999,1,2,2,2,2,2,2,2,2,2,2,2,2,2,2,0,41,4,5,9999,2,2,2,2,2,3,3,3,3,3,3,3,3
309015,9999,2,2,2,2,2,2,2,2,2,2,2,2,2,2,0,0,54,5,5,9999,2,2,2,2,2,3,3,3,3,3,3,3,3
309016,9999,1,2,2,2,2,2,2,2,2,2,2,2,2,2,1,1,35,4,2,9999,2,1,2,2,2,3,3,3,3,3,3,3,3
309017,999,2,2,2,2,2,2,2,2,2,2,2,2,2,2,0,3,20,999,2,9999,999,999,999,999,999,3,3,3,3,3,3,3,3
309018,9999,1,1,1,2,2,2,2,2,2,2,2,2,2,2,3,0,34,1,1,9999,2,2,2,2,2,3,3,3,3,3,3,3,3
309019,9999,1,1,1,2,2,2,2,2,2,2,2,2,2,2,5,3,38,1,3,9999,2,1,2,2,2,3,3,3,3,3,3,3,3
309020,9999,2,2,2,2,2,2,2,2,2,2,2,2,2,2,1,1,59,1,2,9999,2,2,2,2,1,3,3,3,3,3,3,3,3
309021,9999,2,2,2,2,2,2,2,2,2,2,2,2,2,2,0,0,42,4,2,9999,2,2,2,2,2,3,3,3,3,3,3,3,3
309022,9999,2,2,2,2,2,2,2,2,2,2,2,2,2,2,0,0,44,1,2,9999,2,2,2,2,1,3,3,3,3,3,3,3,3
309023,9999,2,2,2,2,2,2,2,2,2,2,2,2,2,2,0,0,39,4,2,9999,2,2,2,2,1,3,3,3,3,3,3,3,3
309024,9999,1,2,1,2,2,2,2,2,2,2,2,2,2,2,2,0,48,3,1,9999,2,2,2,2,2,3,3,3,3,3,3,3,3
309025,9999,1,2,2,2,2,2,2,2,2,2,2,2,2,2,1,0,36,1,7,9999,2,2,2,2,2,3,3,3,3,3,3,3,3
309026,9999,2,2,2,2,2,2,2,2,2,2,2,2,2,2,0,0,37,5,1,9999,2,1,2,2,2,3,3,3,3,3,3,3,3
309027,9999,2,2,2,2,2,2,2,2,2,2,2,2,2,2,0,0,49,3,2,9999,2,2,2,2,1,3,3,3,3,3,3,3,3
309028,9999,2,2,1,2,2,2,2,2,2,2,2,2,2,2,1,2,25,1,1,9999,2,2,2,2,2,3,3,3,3,3,3,3,3
309029,9999,2,2,2,2,2,2,2,2,2,2,2,2,2,2,0,0,39,4,2,9999,2,2,2,2,1,3,3,3,3,3,3,3,3
309030,9999,1,1,2,2,2,2,2,2,2,2,2,2,2,2,3,1,50,4,5,9999,2,2,2,2,2,3,3,3,3,3,3,3,3
309031,9999,1,2,1,2,2,2,2,2,2,2,2,2,2,2,2,1,45,2,1,9999,2,2,2,2,1,3,3,3,3,3,3,3,3
309036,9999,2,2,2,2,2,2,2,2,2,2,2,2,2,2,0,0,20,1,2,9999,2,2,2,2,2,3,3,3,3,3,3,3,3
309038,9999,2,2,2,2,2,2,2,2,2,2,2,2,2,2,1,1,43,1,5,9999,2,1,2,2,2,3,3,3,3,3,3,3,3
309039,9999,2,2,1,2,2,2,2,2,2,2,2,2,2,2,2,1,39,1,2,9999,2,2,2,2,1,3,3,3,3,3,3,3,3
309040,9999,2,2,1,2,2,2,2,2,2,2,2,2,2,2,1,0,51,1,1,9999,2,2,2,2,2,3,3,3,3,3,3,3,3
309041,9999,2,2,2,2,2,2,2,2,2,2,2,2,2,2,0,0,46,1,2,9999,2,2,2,2,2,3,3,3,3,3,3,3,3
309054,9999,1,1,2,2,2,2,2,2,2,2,2,2,2,2,3,6,46,1,2,9999,2,1,2,2,1,3,3,3,3,3,3,3,3
309065,9999,2,2,2,2,2,2,2,2,2,2,2,2,2,2,0,0,25,1,2,9999,2,2,2,2,2,3,3,3,3,3,3,3,3
309078,9999,1,2,2,2,2,2,2,2,2,2,2,2,2,2,2,0,21,1,2,9999,2,2,2,2,1,3,3,3,3,3,3,3,3
309083,9999,1,2,2,2,2,2,2,2,2,2,2,2,2,2,2,0,50,4,2,9999,2,2,2,2,2,3,3,3,3,3,3,3,3
309094,9999,2,1,1,2,2,2,2,2,2,2,2,2,2,2,3,1,54,5,2,9999,2,1,2,1,2,3,3,3,3,3,3,3,3
309096,9999,2,2,1,2,2,2,2,2,2,2,2,2,2,2,1,0,27,5,1,9999,2,1,2,2,1,3,3,3,3,3,3,3,3
309101,9999,2,2,2,2,2,2,2,2,2,2,2,2,2,2,0,2,34,1,2,9999,888,2,2,2,2,3,3,3,3,3,3,3,3
309127,9999,2,2,2,2,2,2,2,2,2,2,2,2,2,2,0,0,38,4,5,9999,2,2,2,2,2,3,3,3,3,3,3,3,3
309143,9999,1,1,1,2,2,2,2,2,2,2,2,2,2,2,5,1,42,6,2,9999,1,2,2,2,1,3,3,3,3,3,3,3,3
309154,9999,1,2,1,2,2,2,2,2,2,2,2,2,2,2,2,1,23,1,3,9999,2,2,2,2,1,3,3,3,3,3,3,3,3
309157,9999,1,1,1,2,2,2,2,2,2,2,2,2,2,2,4,1,32,5,1,9999,2,1,1,1,1,3,3,3,3,3,3,3,3
309158,9999,2,2,2,2,2,2,2,2,2,2,2,2,2,2,2,1,39,1,5,9999,2,2,2,2,2,3,3,3,3,3,3,3,3
309159,9999,1,1,1,2,2,2,2,2,2,2,2,2,2,2,5,5,29,5,2,9999,2,1,2,2,2,3,3,3,3,3,3,3,3
309179,9999,2,2,2,2,2,2,2,2,2,2,2,2,2,2,0,0,36,1,2,9999,2,2,2,2,1,3,3,3,3,3,3,3,3
309184,9999,2,2,2,2,2,2,2,2,2,2,2,2,2,2,0,0,19,4,2,9999,2,2,2,2,2,3,3,3,3,3,3,3,3
309195,9999,1,2,2,2,2,2,2,2,2,2,2,2,2,2,1,0,41,1,1,9999,2,2,2,2,2,3,3,3,3,3,3,3,3
309218,9999,2,2,2,2,2,2,2,2,2,2,2,2,2,2,0,0,43,4,5,9999,2,2,2,2,2,3,3,3,3,3,3,3,3
309226,9999,2,2,2,2,2,2,2,2,2,2,2,2,2,2,0,0,32,1,5,9999,2,2,2,2,2,3,3,3,3,3,3,3,3
309263,9999,2,2,2,2,2,2,2,2,2,2,2,2,2,2,0,0,48,1,2,9999,2,1,2,2,2,3,3,3,3,3,3,3,3
309267,9999,2,2,2,2,2,2,2,2,2,2,2,2,2,2,0,0,49,2,2,9999,2,2,2,2,1,3,3,3,3,3,3,3,3
309275,9999,1,2,1,2,2,2,2,2,2,2,2,2,2,2,3,4,46,3,1,1,2,1,2,2,888,3,3,3,3,3,3,3,3
309286,9999,1,1,1,2,2,2,2,2,2,2,2,2,2,2,4,5,42,1,2,9999,1,1,2,2,1,3,3,3,3,3,3,3,3
309289,9999,2,2,1,2,2,2,2,2,2,2,2,2,2,2,1,1,26,4,2,9999,2,2,2,2,2,3,3,3,3,3,3,3,3
309290,9999,1,1,2,2,2,2,2,2,2,2,2,2,2,2,2,2,21,1,2,9999,2,2,2,2,1,3,3,3,3,3,3,3,3
309292,9999,1,2,1,2,2,2,2,2,2,2,2,2,2,2,2,2,19,4,2,9999,2,2,2,2,1,3,3,3,3,3,3,3,3
309308,9999,2,2,2,2,2,2,2,2,2,2,2,2,2,2,1,1,39,1,1,9999,2,2,2,2,888,3,3,3,3,3,3,3,3
309311,9999,2,2,2,2,2,2,2,2,2,2,2,2,2,2,2,1,24,1,2,9999,1,2,2,888,1,3,3,3,3,3,3,3,3
309390,9999,2,2,2,2,2,2,2,2,2,2,2,2,2,2,0,0,40,1,1,9999,2,2,2,2,2,3,3,3,3,3,3,3,3
309393,9999,1,1,1,2,2,2,2,2,2,2,2,2,2,2,3,0,34,1,2,9999,2,2,2,2,1,3,3,3,3,3,3,3,3
309406,9999,2,2,2,2,2,2,2,2,2,2,2,2,2,2,0,1,27,1,2,9999,2,2,2,2,2,3,3,3,3,3,3,3,3
309407,9999,2,2,1,2,2,2,2,2,2,2,2,2,2,2,1,2,51,1,1,9999,2,1,2,2,2,3,3,3,3,3,3,3,3
309414,9999,2,2,2,2,2,2,2,2,2,2,2,2,2,2,0,0,33,5,5,9999,2,2,2,2,2,3,3,3,3,3,3,3,3
309416,9999,1,2,2,2,2,2,2,2,2,2,2,2,2,2,1,0,18,1,2,9999,1,2,2,2,1,3,3,3,3,3,3,3,3
309420,9999,2,2,2,2,2,2,2,2,2,2,2,2,2,2,0,0,43,5,2,9999,2,2,2,2,2,3,3,3,3,3,3,3,3
309422,9999,2,2,2,2,2,2,2,2,2,2,2,2,2,2,0,0,26,2,2,9999,2,2,2,2,2,3,3,3,3,3,3,3,3
309477,9999,2,2,2,2,2,2,2,2,2,2,2,2,2,2,0,0,47,1,2,9999,2,2,2,2,2,3,3,3,3,3,3,3,3
309502,999,1,2,2,2,2,2,2,2,2,2,2,2,2,2,1,5,32,6,1,9999,2,2,2,2,2,3,3,3,3,3,3,3,3
309511,9999,2,2,2,2,2,2,2,2,2,2,2,2,2,2,1,0,21,4,5,9999,2,2,2,2,2,3,3,3,3,3,3,3,3
309574,9999,2,2,2,2,2,2,2,2,2,2,2,2,2,2,0,0,53,1,2,9999,2,2,2,1,2,3,3,3,3,3,3,3,3
309580,9999,2,2,2,2,2,2,2,2,2,2,2,2,2,2,0,0,47,1,2,9999,1,1,2,2,888,3,3,3,3,3,3,3,3
309608,9999,2,2,1,2,2,2,2,2,2,2,2,2,2,2,1,1,43,6,2,9999,2,2,2,2,2,3,3,3,3,3,3,3,3
309609,9999,2,2,2,2,2,2,2,2,2,2,2,2,2,2,0,1,43,4,2,9999,2,2,2,2,2,3,3,3,3,3,3,3,3
309681,9999,2,2,2,2,2,2,2,2,2,2,2,2,2,2,0,0,43,4,1,9999,2,2,888,888,888,3,3,3,3,3,3,3,3
309682,9999,1,1,1,666,666,666,666,666,666,666,666,666,666,666,4,11,39,1,2,9999,2,1,2,2,2,3,3,1,1,1,1,1,1
318475,9999,1,1,1,1,1,1,1,1,1,1,2,1,1,1,5,7,35,999,2,9999,1,1,2,2,1,1,1,1,2,2,1,2,1
318483,9999,1,2,1,2,2,1,2,2,2,2,2,2,2,2,2,0,27,1,1,9999,2,2,2,2,2,2,2,2,2,2,2,2,2
318484,9999,1,1,1,1,2,1,1,1,2,1,1,2,2,1,5,7,37,1,2,9999,1,2,1,2,1,2,1,2,1,1,1,2,1
318485,9999,1,2,1,1,2,1,2,2,2,2,2,2,2,2,2,5,45,1,1,9999,2,2,2,2,1,2,2,1,1,2,1,1,1
318488,9999,1,1,1,2,2,1,2,2,2,2,2,2,2,2,4,6,20,1,1,9999,2,1,2,2,1,2,2,2,2,2,1,1,1
318489,1,1,1,1,1,2,1,1,2,2,2,1,2,2,2,3,4,22,1,2,9999,2,1,2,2,1,2,1,2,1,2,1,1,2
318491,9999,1,1,1,2,2,1,1,1,1,1,1,2,2,2,5,10,33,1,2,9999,1,1,2,2,1,2,2,1,1,1,1,1,1
318493,9999,1,2,1,1,2,2,2,2,2,2,2,2,2,1,4,3,42,4,4,9999,2,2,2,2,2,2,2,2,2,1,1,1,1
318497,9999,1,1,1,1,1,1,1,2,2,1,2,2,2,1,5,3,37,4,2,9999,2,2,2,2,1,2,2,2,1,1,1,2,2
318499,9999,1,1,1,1,1,1,2,1,1,1,1,2,1,1,5,13,41,1,2,9999,1,1,1,2,1,1,1,1,1,1,1,1,1
318504,9999,1,1,1,1,2,1,1,1,2,1,1,2,2,1,4,5,19,4,2,9999,2,1,2,2,2,1,1,2,1,1,1,1,1
318505,9999,1,2,2,1,2,1,2,2,2,2,2,2,2,2,1,0,51,3,2,9999,2,1,2,1,2,2,2,2,1,2,2,2,2
318506,9999,1,2,2,1,1,1,2,2,2,2,2,2,2,2,3,3,22,1,4,9999,2,1,1,2,1,2,2,2,2,2,2,1,2
318516,9999,1,2,2,1,2,1,2,2,2,2,2,2,2,2,2,3,40,1,2,9999,1,1,2,2,1,1,2,2,2,2,1,2,1
318557,9999,1,1,1,1,1,1,1,1,1,1,1,1,2,1,4,11,19,5,2,9999,2,2,1,2,1,1,1,1,1,1,1,1,1
318558,9999,1,2,2,2,2,2,2,2,2,2,2,2,1,1,2,2,18,1,2,9999,1,2,2,2,1,2,2,1,2,1,2,888,1
318597,9999,1,1,2,1,2,1,2,2,2,2,2,2,2,2,2,5,29,4,1,9999,999,999,999,999,999,999,999,999,999,999,999,999,999
318598,9999,1,1,1,1,1,1,1,1,2,2,2,2,2,1,5,1,40,5,2,9999,2,2,2,2,2,2,2,2,2,1,2,2,2
318601,9999,1,1,1,2,2,1,1,2,2,2,1,2,1,1,5,7,45,1,2,9999,1,1,2,2,1,2,2,1,1,1,1,2,1
318602,1,1,1,1,1,2,1,2,2,2,2,1,2,2,2,3,1,32,2,1,9999,2,2,2,2,1,2,2,2,1,2,2,2,1
318607,9999,1,1,1,1,2,1,1,2,2,2,2,2,2,1,5,3,47,1,2,9999,2,1,2,2,1,2,2,1,1,1,1,2,2
318630,9999,1,1,1,1,1,2,1,1,2,1,1,1,2,2,5,7,27,4,2,9999,1,1,2,1,1,1,1,2,1,1,1,1,1
318631,9999,1,2,1,2,1,1,2,2,2,2,2,2,2,1,3,6,20,1,2,9999,2,1,1,2,2,1,2,2,2,1,1,1,1
318632,9999,1,1,1,1,1,1,1,1,2,1,2,2,1,1,5,8,36,6,2,9999,2,2,2,2,1,2,2,1,1,1,1,1,1
318633,9999,1,1,1,1,1,1,1,2,1,2,2,2,2,2,4,9,38,4,5,9999,1,1,1,1,1,2,2,2,1,2,1,1,2
318634,9999,1,2,1,2,2,1,2,1,2,2,2,2,2,2,3,4,22,1,2,9999,2,2,1,2,2,2,2,2,2,2,2,2,2
318635,9999,2,1,1,1,2,1,1,2,2,2,2,2,2,2,3,2,41,1,2,9999,1,1,2,2,2,2,2,2,2,2,2,2,2
318636,9999,1,1,1,1,2,1,2,1,2,2,1,1,2,2,4,2,26,6,2,9999,2,2,2,2,1,2,2,1,1,2,1,2,1
318637,9999,1,1,1,1,2,1,1,1,2,2,1,2,2,2,5,10,40,1,1,9999,888,1,1,2,1,2,2,2,1,2,1,1,1
318638,9999,2,1,1,1,2,2,2,1,2,2,2,2,2,2,2,2,22,4,2,9999,2,2,2,2,2,2,2,2,2,2,2,2,2
318639,9999,1,2,1,2,2,1,2,2,2,2,2,2,2,2,3,3,37,4,1,9999,1,2,2,2,1,2,2,2,2,2,1,2,1
318640,2,2,2,2,2,1,2,1,2,2,2,2,2,2,2,0,2,50,2,2,1,2,2,2,2,2,2,2,2,2,2,2,2,1
318641,9999,1,1,1,1,2,1,2,1,1,1,1,2,2,2,4,6,31,1,5,9999,2,2,2,2,1,2,2,1,1,2,1,1,2
318642,9999,1,1,2,1,1,1,1,1,2,1,1,2,2,1,4,5,19,5,2,9999,1,1,2,2,1,2,2,1,1,1,1,2,1
318643,9999,1,2,1,1,2,1,1,2,2,2,1,2,2,2,4,2,34,5,1,9999,2,1,2,2,2,2,2,2,2,2,1,1,2
318644,9999,1,1,1,1,1,1,1,1,1,1,1,1,1,1,5,13,27,1,2,9999,1,1,1,2,1,2,2,1,1,1,1,1,1
318654,9999,2,1,1,2,1,1,2,2,1,2,2,2,2,1,2,3,28,1,1,9999,2,2,2,2,2,2,2,2,1,1,2,2,2
318655,9999,1,2,1,1,2,1,1,2,2,2,1,1,2,2,4,6,46,1,2,9999,2,1,2,2,2,2,2,1,1,2,2,2,1
318656,9999,1,2,2,2,2,1,2,2,2,2,2,2,2,2,1,1,30,1,2,9999,2,2,2,2,1,2,2,2,2,2,1,1,2
318658,9999,2,2,2,2,2,1,2,2,2,2,2,2,2,2,1,0,33,1,2,9999,2,2,2,2,2,2,2,999,2,2,2,2,2
318660,9999,2,2,2,2,2,2,2,1,2,2,2,2,2,2,1,0,33,1,1,9999,2,2,2,2,2,2,2,2,2,2,2,2,2
318661,9999,1,2,1,2,2,1,1,2,2,2,2,2,2,2,3,1,28,1,1,9999,1,1,2,2,2,2,2,2,2,2,2,2,2
318662,9999,1,1,1,1,2,1,1,1,2,1,2,2,2,2,5,7,26,1,1,9999,2,2,2,2,1,2,2,2,2,1,2,2,2
318663,9999,1,1,1,1,2,1,2,1,2,2,2,2,2,2,5,3,18,5,2,9999,1,2,2,2,1,1,2,2,2,2,1,1,2
318682,9999,1,1,1,1,2,1,1,1,2,1,1,2,2,1,5,9,26,1,2,1,1,1,2,2,1,1,1,1,2,1,1,2,1
318683,9999,1,1,1,1,2,1,1,1,2,1,1,1,2,1,4,4,32,4,2,9999,1,2,1,2,1,1,1,1,1,1,1,1,1
318684,9999,2,2,1,2,2,2,1,2,2,2,2,2,2,2,1,0,20,4,5,9999,2,2,2,2,2,2,2,2,2,2,2,2,2
318687,9999,1,1,1,1,1,1,1,1,1,1,1,2,2,1,5,10,43,4,2,9999,1,1,1,2,1,2,1,2,1,1,1,1,1
318688,9999,1,1,1,1,1,1,1,1,1,1,1,1,1,1,5,7,27,1,2,9999,2,2,2,2,1,1,1,1,1,1,1,1,1
318689,9999,1,2,2,1,2,2,2,2,2,2,2,2,2,2,2,2,51,1,2,9999,1,1,2,1,1,2,2,1,1,1,1,2,1
318690,9999,1,1,1,1,1,1,1,1,1,1,1,2,1,1,5,12,24,4,2,1,888,2,1,2,2,2,1,1,1,1,1,1,1
318691,9999,1,1,1,1,2,1,1,1,2,1,2,2,2,1,5,6,22,4,5,9999,2,2,1,2,1,1,1,2,2,1,1,1,1
318693,9999,1,1,1,2,2,2,1,1,2,1,1,2,2,1,5,5,33,5,2,9999,1,1,2,2,1,2,2,2,1,2,1,1,1
318694,9999,1,1,1,1,1,1,1,1,1,1,1,1,1,2,5,11,34,1,1,9999,1,2,2,888,1,1,1,1,1,1,1,1,2
319475,9999,2,2,2,2,2,2,2,2,2,2,2,2,2,2,0,0,35,1,2,9999,2,2,2,2,2,3,3,3,3,3,3,3,3
319478,9999,1,2,2,2,2,2,2,2,2,2,2,2,2,2,2,1,54,2,2,9999,2,1,888,2,1,3,3,3,3,3,3,3,3
319480,1,2,2,2,2,2,2,2,2,2,2,2,2,2,2,1,1,34,1,2,9999,2,2,2,2,2,3,3,3,3,3,3,3,3
319481,9999,2,2,2,2,2,2,2,2,2,2,2,2,2,2,0,0,29,4,5,9999,2,2,2,2,2,3,3,3,3,3,3,3,3
319512,9999,2,2,2,2,2,2,2,2,2,2,2,2,2,2,0,1,44,5,2,9999,2,2,2,2,2,3,3,3,3,3,3,3,3
319514,2,2,2,2,2,2,2,2,2,2,2,2,2,2,2,0,0,38,5,1,9999,2,2,2,2,2,3,3,3,3,3,3,3,3
319575,9999,2,2,2,2,2,2,2,2,2,2,2,2,2,2,0,0,33,4,2,9999,2,2,2,2,2,3,3,3,3,3,3,3,3
319576,9999,2,2,2,2,2,2,2,2,2,2,2,2,2,2,0,0,45,1,2,9999,2,2,2,2,2,3,3,3,3,3,3,3,3
319577,9999,2,2,1,2,2,2,2,2,2,2,2,2,2,2,1,0,42,5,5,9999,2,2,2,2,1,3,3,3,3,3,3,3,3
319603,9999,1,1,2,2,2,2,2,2,2,2,2,2,2,2,2,0,41,4,1,9999,2,1,2,2,888,3,3,3,3,3,3,3,3
319604,1,1,1,2,2,2,2,2,2,2,2,2,2,2,2,3,3,50,3,2,9999,2,2,2,2,2,3,3,3,3,3,3,3,3
319605,9999,2,2,1,2,2,2,2,2,2,2,2,2,2,2,1,2,51,3,2,9999,2,1,1,2,2,3,3,3,3,3,3,3,3
319606,9999,1,2,1,2,2,2,2,2,2,2,2,2,2,2,3,1,30,1,2,9999,2,2,2,2,1,3,3,3,3,3,3,3,3
319646,9999,2,2,2,2,2,2,2,2,2,2,2,2,2,2,0,0,56,1,2,9999,2,2,2,2,1,3,3,3,3,3,3,3,3
319647,9999,2,2,2,2,2,2,2,2,2,2,2,2,2,2,0,0,46,2,2,9999,2,2,2,2,2,3,3,3,3,3,3,3,3
319648,9999,2,2,2,2,2,2,2,2,2,2,2,2,2,2,1,0,42,1,2,9999,2,1,2,2,1,3,3,3,3,3,3,3,3
319649,9999,2,2,2,2,2,2,2,2,2,2,2,2,2,2,0,0,36,1,1,9999,2,2,2,2,2,3,3,3,3,3,3,3,3
319652,9999,1,2,2,1,2,2,2,2,2,2,2,2,2,2,2,1,36,4,3,9999,1,1,2,2,2,3,3,3,3,3,3,3,3
408380,9999,1,1,2,1,1,1,2,1,1,2,1,2,2,2,3,5,35,2,2,1,1,2,1,2,1,2,1,2,1,2,2,1,2
408394,9999,1,2,1,1,1,1,1,1,1,1,1,2,2,2,2,5,30,5,2,9999,1,1,1,2,1,1,1,2,1,2,2,1,1
408418,9999,1,2,2,1,2,2,1,1,2,2,2,2,2,2,2,1,48,1,2,9999,2,2,2,2,1,2,2,2,2,2,2,2,2
408494,9999,1,1,1,1,1,1,1,1,1,1,2,1,2,1,5,10,32,1,2,1,1,1,2,1,1,2,2,1,2,1,1,2,2
408503,9999,1,2,2,1,1,1,1,1,1,1,1,1,2,2,3,7,41,1,2,9999,1,1,1,888,1,1,1,1,1,2,2,2,1
408508,9999,1,1,1,1,1,1,1,1,1,1,2,1,2,2,5,9,34,1,2,1,2,1,2,2,1,1,1,1,2,2,1,2,1
408651,9999,1,2,1,2,2,1,1,2,2,2,2,2,2,2,2,1,46,1,2,9999,2,2,2,2,1,2,2,2,2,1,1,2,1
409170,9999,1,2,1,2,2,2,2,2,2,2,2,2,2,2,2,3,34,2,3,9999,2,2,2,2,1,3,3,3,3,3,3,3,3
409392,9999,2,2,1,2,2,2,2,2,2,2,2,2,2,2,1,1,45,1,2,9999,2,1,2,2,2,3,3,3,3,3,3,3,3
409479,9999,2,2,2,2,2,2,2,2,2,2,2,2,2,2,0,0,37,1,1,9999,2,2,2,2,2,3,3,3,3,3,3,3,3
409581,9999,1,2,2,2,2,2,2,2,2,2,2,2,2,2,1,0,19,4,2,9999,2,2,2,2,2,3,3,3,3,3,3,3,3
508055,9999,1,1,1,1,1,1,2,1,1,1,2,1,2,1,4,3,41,1,2,9999,1,1,2,2,1,888,888,1,2,1,2,1,1
508089,9999,1,1,1,1,1,1,1,1,1,1,1,1,2,1,5,6,33,4,2,9999,2,2,2,2,1,1,1,1,1,1,1,1,1
508102,9999,1,1,1,1,1,1,1,1,1,1,1,2,2,1,5,6,34,4,5,9999,1,1,1,2,1,2,2,1,1,1,2,2,1
508103,9999,2,2,2,1,2,1,2,2,2,2,1,2,2,2,2,2,40,4,2,9999,2,2,2,888,1,2,2,2,1,2,2,2,1
508137,9999,1,1,1,1,1,1,1,1,1,2,2,2,2,1,5,7,26,1,1,9999,2,2,2,2,1,1,1,1,1,1,2,1,1
508138,9999,1,2,1,1,1,1,1,1,1,1,1,2,2,2,2,6,40,1,2,9999,1,1,1,2,1,1,1,2,1,2,1,1,1
508152,9999,1,2,1,1,2,1,1,1,2,2,1,2,2,2,3,0,33,1,5,9999,1,1,2,2,1,2,2,2,1,2,2,1,1
508161,9999,1,1,1,1,1,1,1,1,1,1,1,1,2,1,4,6,41,1,2,9999,1,1,2,2,1,1,1,1,1,1,2,1,1
508162,9999,1,1,1,1,1,1,1,1,1,2,2,1,2,1,4,14,29,1,2,9999,1,1,1,1,1,2,1,1,1,1,1,1,1
508163,9999,1,1,1,1,1,1,1,1,1,1,1,2,2,2,4,7,49,1,2,9999,2,1,2,2,1,1,1,2,1,2,1,1,1
508165,9999,1,1,1,1,1,1,1,1,1,1,1,2,2,1,5,17,37,1,1,9999,1,1,2,1,1,1,2,2,1,1,2,1,1
508171,9999,1,1,1,1,1,1,2,1,1,1,2,1,1,2,4,6,54,1,2,9999,2,1,1,2,2,2,1,1,2,2,2,1,1
508172,9999,1,2,2,1,2,1,1,1,1,2,2,1,1,2,2,1,25,6,2,9999,2,1,2,2,2,1,2,1,1,2,2,2,1
508185,9999,1,2,1,1,1,1,1,1,1,1,1,1,2,2,3,6,28,1,1,9999,1,1,2,2,1,1,1,1,1,2,1,1,2
508187,9999,1,1,1,1,1,1,1,2,1,1,1,1,1,2,4,5,23,2,1,9999,2,2,2,2,1,1,2,1,1,2,1,1,2
508188,9999,1,2,1,1,2,1,1,1,2,1,2,2,2,2,3,8,39,1,5,9999,2,2,2,2,1,2,2,2,2,1,2,1,2
508212,9999,1,1,1,2,2,1,2,2,2,2,2,2,2,2,4,2,34,1,2,9999,888,1,2,2,1,2,2,2,1,1,1,1,2
508223,9999,1,1,1,2,1,1,1,1,2,1,2,2,1,2,4,10,20,1,1,9999,2,1,1,2,1,2,1,1,1,1,1,1,1
508224,9999,2,2,2,2,2,1,1,2,2,2,2,2,2,2,0,0,32,2,1,9999,2,2,2,2,1,2,2,2,2,2,2,2,888
508229,9999,1,1,1,1,1,1,1,1,1,2,1,2,2,2,4,5,34,4,5,9999,1,1,2,2,1,1,1,1,1,2,1,1,1
508266,9999,1,2,1,2,2,1,1,2,2,2,2,2,2,2,3,3,40,5,2,9999,2,2,2,888,888,2,2,2,2,2,1,2,888
508277,9999,1,1,1,1,1,1,1,1,2,1,1,2,2,1,5,6,21,5,2,1,1,1,2,2,2,2,1,2,1,1,1,1,1
508278,9999,1,1,1,1,1,1,1,1,1,1,2,2,2,1,5,13,36,5,2,9999,1,1,2,2,1,1,1,1,2,1,1,1,1
508280,9999,1,1,1,1,2,1,1,1,2,1,1,2,2,1,5,4,41,1,2,9999,2,2,1,2,1,2,1,2,1,1,1,2,2
508293,999,1,1,1,1,1,1,1,1,1,1,1,1,1,1,5,12,31,1,2,9999,1,1,1,2,1,1,1,1,1,1,1,1,1
508294,9999,1,1,1,1,1,1,1,1,1,1,1,1,1,1,5,10,38,5,2,9999,1,1,2,2,1,1,1,1,1,1,1,1,1
508295,9999,1,1,2,1,1,1,1,1,1,1,2,2,2,2,3,0,33,1,2,9999,1,2,2,888,1,2,1,2,2,2,2,2,1
508302,9999,1,2,2,1,2,1,1,1,2,1,1,2,2,2,2,3,27,4,2,9999,1,1,2,2,1,2,2,2,1,2,2,2,2
508332,9999,2,2,2,2,2,1,2,2,2,2,2,2,2,2,1,2,19,1,999,9999,2,2,2,2,888,2,2,2,2,2,2,2,2
508381,9999,1,1,1,1,1,1,1,1,1,1,1,1,2,1,5,11,29,5,2,9999,2,1,1,2,1,2,1,1,1,1,1,1,2
508383,9999,2,2,2,1,1,1,1,1,1,1,1,1,2,1,0,6,30,4,2,9999,1,2,2,2,1,1,1,1,1,1,2,2,1
508385,9999,1,1,1,1,1,1,1,1,1,1,1,2,2,1,5,8,23,5,2,9999,2,2,2,2,2,2,1,1,1,1,1,1,1
508386,1,2,2,2,1,1,1,1,1,1,1,2,2,2,2,1,1,40,5,2,9999,2,2,2,2,1,1,1,2,2,2,2,2,1
508387,9999,1,1,1,1,2,1,1,1,2,1,1,2,2,2,5,5,33,5,1,9999,1,1,1,2,1,1,1,1,1,2,1,1,1
508388,9999,2,2,1,1,2,1,1,1,2,2,1,2,2,2,1,3,42,1,2,9999,1,1,2,2,1,1,1,2,1,2,2,2,1
508391,9999,1,1,1,1,1,1,1,1,1,1,1,1,1,2,4,9,27,4,2,9999,2,2,2,1,1,2,1,1,1,2,1,1,2
508405,9999,1,2,1,1,2,1,1,1,2,1,1,2,2,2,4,0,37,5,1,9999,2,1,2,2,888,2,2,2,1,2,2,2,2
508410,9999,1,2,1,2,2,1,1,2,2,2,2,2,2,2,4,6,18,1,2,9999,2,1,2,2,1,2,2,2,1,2,1,1,1
508413,9999,1,1,1,1,1,1,1,1,1,1,1,1,2,2,5,10,29,4,1,9999,2,2,2,2,1,2,2,1,1,2,1,1,1
508417,9999,1,1,2,1,1,1,1,1,1,1,1,1,2,1,3,6,40,1,1,9999,1,1,2,888,1,1,1,2,1,1,1,1,1
508419,1,1,1,1,1,2,1,2,2,1,2,1,2,2,2,5,6,31,4,2,9999,888,2,2,2,1,2,2,2,1,2,1,2,1
508421,9999,2,2,2,1,1,1,1,1,1,2,2,2,2,2,1,1,22,1,2,9999,2,1,2,2,1,1,1,2,2,2,2,2,1
508428,9999,1,1,1,1,1,1,1,1,2,1,1,1,2,2,5,4,45,2,2,9999,2,2,2,2,1,1,1,2,1,2,1,2,1
508482,9999,1,1,1,1,1,1,1,1,1,1,1,1,1,1,5,6,25,5,2,9999,1,1,2,2,1,1,1,1,1,1,1,1,1
508486,2,1,1,1,1,1,1,1,1,1,1,1,1,1,1,5,12,28,6,2,9999,2,1,1,2,1,1,1,1,1,1,1,1,1
508490,9999,1,1,2,1,2,1,1,1,2,1,1,2,2,2,3,6,20,5,2,9999,2,2,2,2,1,2,2,1,1,2,2,2,1
508495,9999,1,1,1,1,1,1,1,1,1,1,1,1,1,1,5,14,32,1,2,9999,1,2,2,2,1,2,1,1,1,1,1,1,1
508496,9999,1,1,1,1,1,1,1,1,1,1,1,2,1,2,5,7,32,4,1,9999,2,2,2,2,1,1,1,1,1,2,2,1,1
508507,9999,1,1,1,1,1,2,1,1,2,2,2,2,1,2,5,13,31,1,2,9999,2,2,2,1,2,2,2,1,1,2,1,1,1
508509,9999,1,1,1,1,1,1,1,1,1,1,1,1,1,1,5,8,32,1,1,9999,1,1,1,1,1,1,1,1,1,1,1,1,1
508510,9999,1,1,1,1,1,1,1,1,1,1,1,2,1,1,5,11,24,6,2,9999,2,1,2,2,1,2,2,1,2,1,1,1,1
508539,9999,1,1,1,1,2,1,1,1,1,1,1,2,2,2,4,5,39,5,2,9999,2,1,888,888,1,1,1,2,1,2,1,1,1
508540,9999,1,1,1,1,1,1,1,1,1,2,1,1,2,2,5,5,44,4,2,9999,2,1,2,888,1,1,2,1,1,1,1,2,1
508541,1,1,2,1,2,2,1,1,2,2,2,1,2,2,2,3,3,34,1,1,9999,1,2,1,2,1,2,2,2,1,2,2,1,1
508542,9999,2,2,1,1,1,1,1,1,1,1,2,1,1,2,3,6,50,2,2,9999,1,1,888,888,888,1,1,1,1,1,1,1,1
508543,9999,1,1,1,1,1,1,1,1,2,1,1,1,2,1,5,12,23,1,2,9999,1,2,2,2,1,1,1,1,1,1,1,1,1
508544,9999,1,2,1,2,2,2,2,2,1,2,2,2,2,2,4,3,41,6,2,9999,2,1,2,2,1,2,2,1,2,2,1,1,2
508545,9999,1,1,1,1,1,1,1,1,1,1,1,1,2,1,5,14,30,1,2,9999,2,1,1,1,2,1,1,1,1,1,1,1,1
508546,9999,1,1,1,1,2,1,1,1,2,1,2,2,2,1,5,8,35,1,2,9999,1,1,2,2,1,2,2,2,1,1,1,1,1
508547,9999,1,1,1,1,2,1,1,1,2,1,1,1,2,2,4,6,38,4,2,9999,1,2,2,2,1,2,1,1,1,1,1,1,1
508551,9999,1,2,1,1,1,1,1,1,1,1,1,1,2,1,3,3,42,4,2,9999,2,1,2,2,2,1,1,1,2,2,1,1,1
508553,9999,1,1,1,1,2,1,2,2,2,2,2,2,2,2,5,0,62,1,2,9999,2,1,2,2,1,2,2,2,2,2,1,2,1
508573,9999,1,1,2,2,2,1,2,1,2,2,2,2,2,2,3,1,40,1,1,9999,2,2,2,2,1,2,1,2,2,2,2,2,2
508583,9999,1,1,1,1,2,1,1,1,2,2,1,2,2,2,5,3,41,6,2,9999,2,2,2,888,888,1,1,1,1,2,1,2,1
508584,9999,1,2,1,2,2,1,2,1,2,2,2,2,2,2,4,4,21,5,1,9999,2,1,2,2,2,2,2,2,2,2,1,1,1
508585,9999,1,1,1,2,1,1,2,2,2,2,2,2,2,2,5,9,33,1,5,9999,1,1,1,2,1,2,2,1,1,2,1,1,2
508586,9999,1,1,1,2,1,1,2,2,1,2,2,2,2,2,5,5,36,5,1,9999,2,1,2,2,1,2,2,2,2,2,1,2,1
508600,9999,1,1,1,1,1,1,1,1,1,1,1,2,2,1,5,6,37,6,2,9999,888,1,2,2,1,1,1,1,1,1,1,1,1
508645,9999,1,1,1,1,2,2,1,1,2,1,2,2,2,2,5,9,47,3,2,9999,1,1,1,2,1,2,1,2,2,1,1,1,1
508650,9999,1,1,1,1,1,1,1,1,1,1,1,2,2,1,4,9,28,1,2,9999,1,2,2,2,1,1,1,2,1,1,1,2,2
508653,9999,1,1,1,1,1,1,1,1,1,1,1,1,1,1,5,7,37,1,2,9999,1,1,2,2,1,1,1,1,1,1,1,1,1
508657,9999,1,1,1,1,1,1,1,1,1,1,1,2,1,1,5,4,31,4,1,9999,1,1,2,2,1,2,2,1,1,1,1,1,1
508659,9999,1,1,1,1,1,1,1,1,2,1,1,1,2,2,5,9,22,4,1,9999,2,1,1,2,1,1,1,2,1,2,1,1,2
508685,9999,1,1,1,1,1,1,1,1,1,1,1,1,1,1,5,11,38,1,2,9999,2,1,2,2,1,2,1,1,1,1,1,1,1
508692,9999,1,1,1,2,2,1,2,2,2,2,2,2,2,2,5,3,54,1,2,9999,2,1,2,1,1,2,2,2,2,1,1,2,2
509309,9999,2,2,2,2,2,2,2,2,2,2,2,2,2,2,0,0,38,5,2,9999,1,2,2,2,888,3,3,3,3,3,3,3,3
509513,1,2,2,2,2,2,2,2,2,2,2,2,2,2,2,0,0,20,5,2,9999,2,2,2,2,2,3,3,3,3,3,3,3,3
509579,9999,2,2,2,2,2,2,2,2,2,2,2,2,2,2,0,0,35,1,2,9999,2,2,2,2,888,3,3,3,3,3,3,3,3
509582,9999,2,2,2,2,2,2,2,2,2,2,2,2,2,2,0,0,45,1,2,9999,2,1,2,2,2,3,3,3,3,3,3,3,3
509680,9999,2,2,2,2,2,2,2,2,2,2,2,2,2,2,0,0,47,4,1,9999,2,2,2,2,2,3,3,3,3,3,3,3,3
608259,9999,2,2,1,2,2,1,1,2,2,1,2,2,2,2,1,2,21,1,5,9999,2,2,2,2,1,2,2,2,2,2,2,2,2
618169,9999,1,1,1,1,1,1,1,2,2,2,2,2,2,2,4,8,47,3,1,9999,2,1,2,2,1,1,1,2,2,2,1,1,1
618236,9999,1,1,1,1,2,1,1,1,2,1,1,2,2,2,5,5,23,1,5,9999,1,1,2,2,1,1,2,2,1,2,1,1,2
618256,9999,1,2,1,2,2,1,1,2,2,1,1,2,2,2,3,3,20,5,5,9999,2,2,2,2,2,1,1,2,2,2,1,1,2
618260,9999,1,2,1,2,1,1,1,1,2,1,1,1,2,2,4,12,24,1,5,9999,1,1,1,2,1,1,1,1,1,2,1,1,1
618318,9999,1,1,1,1,2,1,1,1,2,2,2,2,2,1,4,3,32,2,1,9999,2,2,2,2,2,2,2,2,2,1,1,2,2
618320,9999,2,2,2,2,2,1,2,2,2,2,2,2,2,2,1,2,37,5,5,9999,2,1,2,2,2,2,2,2,2,2,1,2,2
618321,9999,1,1,1,1,1,1,1,1,1,1,1,2,1,1,4,7,33,5,2,9999,1,1,1,2,1,1,1,1,1,1,1,1,1
618346,9999,1,1,1,2,2,1,1,1,2,2,2,2,2,2,5,5,29,1,5,9999,2,2,2,2,2,1,1,2,2,2,1,1,2
618355,9999,2,2,1,1,1,2,2,1,1,1,2,2,2,2,2,2,23,1,5,9999,1,2,1,2,1,2,2,2,2,2,2,2,2
618357,9999,2,2,1,2,2,1,2,2,2,2,2,2,2,2,2,2,29,5,2,9999,2,2,1,2,1,2,2,2,2,2,2,2,2
618360,9999,1,2,1,1,2,2,2,2,2,2,2,2,2,2,2,2,26,1,5,9999,2,2,2,2,2,2,2,2,2,2,2,2,2
618374,9999,1,1,1,2,1,1,1,2,2,2,2,2,2,1,3,4,25,1,5,9999,2,1,2,2,1,1,1,2,2,1,1,1,2
618449,9999,1,1,1,1,2,2,2,2,2,2,2,2,2,2,5,4,29,4,5,9999,2,2,2,2,2,2,2,2,2,2,1,1,2
618452,9999,1,2,1,1,2,1,1,2,2,2,2,2,2,2,3,4,24,4,5,9999,2,1,1,2,1,1,1,1,2,2,1,1,1
618466,9999,2,2,2,2,2,2,2,2,2,2,2,2,2,1,1,2,40,4,3,9999,2,2,2,2,2,2,2,2,2,1,2,2,2
618534,9999,2,1,2,2,2,2,2,2,2,2,1,2,2,2,3,3,24,1,1,9999,2,2,2,2,2,2,2,2,1,2,1,2,2
618535,9999,1,1,1,1,1,1,1,2,2,2,1,2,2,2,4,8,28,1,1,1,2,2,2,2,2,1,1,2,1,1,2,1,888
618591,9999,2,1,2,1,1,1,1,1,2,2,2,1,2,1,2,2,23,1,5,9999,2,2,2,2,2,1,1,1,2,1,2,2,1
618594,9999,1,1,1,1,2,1,1,2,2,2,1,1,2,1,3,10,25,1,5,9999,2,2,1,2,2,2,1,1,1,1,1,1,1
618701,9999,2,2,2,2,2,1,2,2,2,2,2,2,2,2,1,0,30,4,5,9999,2,2,2,2,2,2,2,2,2,2,2,2,2
618702,999,1,1,1,2,2,1,2,2,2,2,2,2,2,2,3,1,32,4,5,9999,2,2,2,2,2,1,1,2,2,2,1,1,2
619084,9999,2,1,2,2,2,2,2,2,2,2,2,2,2,2,1,0,26,1,2,9999,2,2,2,2,2,3,3,3,3,3,3,3,3
619139,9999,2,2,2,2,2,2,2,2,2,2,2,2,2,2,1,0,23,1,5,9999,1,1,2,2,2,3,3,3,3,3,3,3,3
619234,9999,2,2,2,2,2,2,2,2,2,2,2,2,2,2,0,1,45,1,5,9999,2,1,2,2,2,3,3,3,3,3,3,3,3
619361,9999,2,2,1,2,2,2,2,2,2,2,2,2,2,2,1,1,33,1,5,9999,2,2,2,2,2,3,3,3,3,3,3,3,3
619362,9999,2,2,1,2,2,2,2,2,2,2,2,2,2,2,1,0,33,1,3,9999,2,2,2,2,1,3,3,3,3,3,3,3,3
619375,9999,2,2,2,2,2,2,2,2,2,2,2,2,2,2,0,0,27,1,5,9999,2,2,2,2,2,3,3,3,3,3,3,3,3
619376,9999,2,2,2,2,2,2,2,2,2,2,2,2,2,2,0,0,26,1,5,9999,2,1,2,2,2,3,3,3,3,3,3,3,3
619377,9999,2,2,2,2,2,2,2,2,2,2,2,2,2,2,0,0,21,4,2,9999,888,2,888,888,888,3,3,3,3,3,3,3,3
619536,9999,2,2,1,2,2,2,2,2,2,2,2,2,2,2,1,1,29,1,5,9999,2,2,2,2,1,3,3,3,3,3,3,3,3
619537,9999,1,2,1,1,1,1,1,2,2,2,2,2,2,2,2,3,46,1,5,9999,2,1,2,2,2,3,3,3,3,3,3,3,3
619587,9999,2,2,2,2,2,2,2,2,2,2,2,2,2,2,0,0,37,1,5,9999,2,2,2,2,2,3,3,3,3,3,3,3,3
619664,9999,1,1,1,2,2,2,2,2,2,2,2,2,2,2,3,1,33,1,5,9999,2,2,2,2,2,3,3,3,3,3,3,3,3
628133,9999,1,2,1,2,2,1,1,2,2,2,2,2,2,2,3,1,19,1,2,9999,2,2,2,2,2,2,2,2,2,2,2,1,2
628134,9999,2,2,2,1,2,2,2,2,2,2,2,2,2,2,0,0,27,1,5,9999,1,2,2,2,2,2,2,2,2,2,2,2,2
628135,9999,1,1,1,1,2,1,1,1,2,2,2,2,2,1,5,3,19,1,5,9999,1,2,2,2,2,1,1,2,2,1,1,1,1
628335,9999,1,1,1,1,1,1,1,1,2,2,2,2,2,1,5,11,32,4,5,9999,1,1,1,2,2,2,2,2,2,1,1,1,1
628347,9999,2,2,2,1,2,2,2,2,2,2,2,1,2,2,2,2,24,1,5,9999,1,2,1,2,1,2,2,1,2,2,2,2,2
628465,9999,1,1,1,1,2,1,1,2,2,2,2,2,2,2,4,4,19,4,2,9999,2,2,2,2,1,2,1,2,2,2,1,1,2
628669,9999,1,1,1,1,1,1,1,2,2,2,2,2,2,1,5,7,20,6,5,9999,2,1,2,2,2,1,1,2,2,1,1,1,888
629075,9999,1,2,1,2,2,2,2,2,2,2,2,2,2,2,2,0,29,1,1,9999,2,2,2,2,2,3,3,3,3,3,3,3,3
629076,9999,2,2,2,2,2,2,2,2,2,2,2,2,2,2,0,0,23,1,1,9999,2,2,2,2,2,3,3,3,3,3,3,3,3
629077,9999,2,2,2,2,2,2,2,2,2,2,2,2,2,2,0,0,22,1,5,9999,2,2,2,2,2,3,3,3,3,3,3,3,3
629087,9999,2,2,2,2,2,2,2,2,2,2,2,2,2,2,0,0,20,1,2,9999,2,2,2,2,2,3,3,3,3,3,3,3,3
629140,9999,2,2,2,2,2,2,2,2,2,2,2,2,2,2,0,0,18,1,2,9999,2,2,2,2,2,3,3,3,3,3,3,3,3
629141,9999,2,1,2,2,2,2,2,2,2,2,2,2,2,2,1,2,20,1,5,9999,2,2,2,2,1,3,3,3,3,3,3,3,3
629336,9999,2,2,2,2,2,2,2,2,2,2,2,2,2,2,0,0,29,4,1,9999,999,999,999,999,999,3,3,3,3,3,3,3,3
629337,9999,2,2,2,2,2,2,2,2,2,2,2,2,2,2,0,0,32,5,1,9999,1,2,2,2,1,3,3,3,3,3,3,3,3
629364,9999,1,1,1,2,2,2,2,2,2,2,2,2,2,2,3,0,37,1,5,9999,2,2,2,2,1,3,3,3,3,3,3,3,3
629453,9999,2,2,2,2,2,2,2,2,2,2,2,2,2,2,0,0,26,1,5,9999,2,2,2,2,2,3,3,3,3,3,3,3,3
629620,9999,1,1,1,2,2,2,2,2,2,2,2,2,2,2,3,1,27,1,2,9999,888,2,2,2,2,3,3,3,3,3,3,3,3
629665,9999,2,2,2,2,2,2,2,2,2,2,2,2,2,2,0,0,20,1,5,9999,2,2,2,2,2,3,3,3,3,3,3,3,3
629666,9999,1,2,2,2,2,2,2,2,2,2,2,2,2,2,1,0,21,5,5,9999,2,2,2,2,2,3,3,3,3,3,3,3,3
629667,9999,2,2,2,2,2,2,2,2,2,2,2,2,2,2,0,1,27,4,5,9999,2,2,2,2,2,3,3,3,3,3,3,3,3
708200,9999,1,1,1,1,1,1,1,2,2,2,1,2,2,1,4,6,56,3,2,9999,2,1,1,2,1,1,1,2,1,1,1,1,1
708201,9999,1,1,2,2,2,1,1,2,2,2,2,2,2,1,3,4,29,1,2,9999,2,1,1,2,1,2,2,2,2,1,2,1,2
708255,9999,1,1,1,1,2,1,1,1,2,2,2,2,2,2,5,4,35,1,5,9999,2,1,2,2,2,2,2,2,2,2,1,1,2
708257,9999,2,2,2,2,2,1,2,2,2,2,2,2,2,2,0,0,21,1,2,9999,2,2,2,2,2,2,2,2,2,2,2,2,2
708258,9999,1,1,1,1,1,1,1,1,1,1,2,1,1,1,5,16,29,5,1,9999,1,1,2,2,1,1,1,1,2,1,1,1,1
708261,9999,1,1,1,1,1,1,1,1,1,1,1,1,2,1,4,5,30,1,2,9999,1,1,2,888,1,1,1,1,1,1,1,2,1
708319,9999,1,1,1,1,1,1,2,2,2,1,2,2,2,1,5,9,36,1,5,9999,1,1,1,1,1,1,1,2,2,1,1,1,1
708334,9999,1,1,1,1,1,1,1,1,2,2,2,2,2,1,5,7,20,5,2,9999,2,2,2,2,2,1,1,2,2,1,1,1,1
708348,9999,1,1,1,1,1,1,2,1,1,1,2,2,2,2,5,5,30,2,5,9999,888,1,2,2,2,1,1,2,1,2,1,1,1
708356,9999,1,1,1,1,1,1,1,1,2,1,1,2,2,2,5,8,26,4,1,9999,1,2,1,1,1,2,1,2,1,2,1,1,1
708359,9999,1,2,1,2,2,1,2,2,2,2,2,2,2,2,2,0,33,1,5,9999,2,2,2,2,2,2,2,2,2,2,2,1,2
708363,9999,1,1,1,1,2,1,2,2,2,2,2,2,2,1,5,10,33,1,1,9999,2,1,2,2,1,1,1,2,2,1,1,1,1
708370,9999,2,2,1,1,2,1,1,2,2,2,1,2,2,2,1,0,21,1,1,9999,2,1,2,2,1,2,2,2,1,2,2,2,2
708371,9999,2,1,1,1,1,1,1,1,1,1,1,2,2,2,4,3,18,1,5,9999,2,2,2,2,1,2,1,2,1,2,1,1,1
708372,9999,1,1,1,1,1,1,1,1,1,1,1,2,2,2,4,10,24,4,5,9999,2,1,1,2,1,2,2,2,1,2,1,1,888
708379,9999,1,1,1,1,1,1,2,2,1,2,2,2,2,2,5,8,32,1,5,9999,1,1,888,2,1,1,1,1,2,1,1,2,1
708426,9999,1,1,1,1,1,1,1,1,2,2,2,2,2,2,5,4,34,1,5,9999,1,1,2,2,1,1,1,2,2,1,1,1,1
708447,9999,2,2,1,2,2,1,2,2,2,2,2,2,2,2,1,1,33,4,1,9999,1,1,2,2,1,2,2,2,2,2,2,2,2
708448,9999,1,1,1,1,1,1,1,1,1,1,1,1,2,1,4,6,32,1,7,9999,1,1,2,2,2,1,1,2,1,1,1,1,1
708450,9999,1,1,1,1,2,1,2,2,2,2,2,2,2,2,3,1,21,1,1,9999,2,2,2,2,1,2,2,2,2,2,2,2,2
708451,9999,1,1,1,1,1,1,1,1,1,1,1,1,2,1,4,4,24,1,5,9999,1,1,1,2,1,2,2,1,1,1,1,1,1
708461,9999,2,2,2,1,2,1,1,2,2,2,2,2,2,1,1,6,49,3,1,9999,2,1,1,2,2,2,2,2,2,1,2,1,2
708462,9999,2,2,2,2,2,1,1,2,2,2,2,2,2,2,0,5,40,3,1,9999,1,2,888,888,888,2,2,2,2,2,2,1,2
708463,9999,1,1,1,2,2,1,2,2,2,2,2,2,2,2,4,5,36,1,1,9999,1,2,2,2,2,2,2,2,2,2,2,1,2
708464,9999,1,1,1,1,2,1,1,2,2,2,2,2,2,2,5,3,40,2,5,9999,2,2,2,2,2,2,2,2,2,1,2,1,2
708467,9999,1,1,1,1,2,1,2,1,2,2,1,2,2,2,5,7,25,5,1,9999,999,1,1,2,2,1,1,2,1,2,1,1,1
708468,9999,1,1,1,2,2,1,2,2,2,2,2,2,2,2,4,2,23,1,2,9999,2,2,2,2,2,2,2,2,2,2,1,2,2
708469,9999,1,2,1,1,2,2,1,2,2,2,2,2,2,2,3,4,26,1,5,9999,2,1,2,2,2,2,2,2,2,1,2,1,2
708496,9999,1,1,1,1,2,1,1,2,2,2,2,2,2,1,4,2,41,1,5,9999,2,2,2,2,2,1,1,2,2,1,1,1,888
708500,9999,1,1,1,2,2,1,2,2,2,2,2,2,2,2,4,2,20,5,5,9999,2,1,2,2,2,1,1,2,2,2,1,1,2
708501,9999,1,1,1,1,1,1,1,1,1,1,1,2,2,2,5,8,33,4,5,9999,2,1,2,2,2,1,1,2,1,1,1,1,1
708527,9999,1,1,1,1,2,1,1,1,2,1,2,1,2,2,5,1,19,4,5,9999,1,1,2,2,2,1,1,1,2,2,1,2,2
708528,9999,1,1,1,1,2,1,1,1,1,2,2,2,2,2,5,4,28,4,5,9999,2,1,2,2,2,1,1,2,2,1,1,1,888
708529,9999,1,2,2,2,2,1,1,2,2,2,2,2,2,2,3,1,20,4,2,9999,2,2,2,2,2,1,2,2,2,1,2,1,2
708530,9999,1,2,1,2,2,2,1,2,2,2,2,2,2,2,2,2,28,1,2,9999,2,2,2,2,2,2,2,2,2,2,2,1,2
708531,9999,2,2,2,1,2,1,2,2,2,2,2,2,2,1,1,5,47,1,3,9999,2,1,1,1,1,2,2,2,2,1,2,2,2
708532,999,1,1,1,1,2,1,1,1,1,2,2,2,2,2,3,3,35,1,5,9999,2,1,2,2,2,2,2,1,2,2,2,1,1
708549,9999,1,2,1,2,2,1,2,2,2,2,2,2,2,2,3,0,35,1,5,9999,2,2,2,2,2,2,2,2,2,2,2,2,2
708571,9999,2,2,2,2,2,2,1,2,2,2,2,2,2,2,1,1,48,1,3,9999,2,2,2,2,2,2,2,2,2,2,2,2,2
708572,9999,2,2,2,2,2,1,1,2,2,2,2,2,2,2,2,3,38,1,5,9999,2,2,2,2,2,1,2,2,2,2,2,2,2
708590,9999,1,1,1,1,1,1,1,1,2,2,1,2,2,2,5,13,21,1,5,9999,1,1,1,2,1,1,1,1,1,2,1,1,1
708592,9999,1,1,1,2,2,1,1,1,2,2,2,2,2,2,4,3,25,1,5,9999,1,1,2,2,1,1,1,2,2,2,2,1,2
708593,9999,1,1,1,2,1,2,2,2,2,2,2,2,2,2,3,3,19,1,2,9999,2,2,2,2,2,2,2,2,2,2,1,1,2
708595,9999,2,2,2,1,2,1,1,1,2,2,2,2,2,2,1,3,25,4,5,9999,2,1,1,2,1,2,1,2,2,2,2,2,888
708621,9999,2,2,2,2,2,1,2,2,2,2,2,2,2,2,0,1,25,1,5,9999,2,2,2,2,2,2,2,2,2,2,2,2,2
708622,9999,1,2,1,2,1,1,2,2,1,2,2,2,2,2,3,0,31,5,1,9999,2,2,2,2,1,2,2,2,2,2,2,2,2
708668,999,1,1,1,1,1,1,1,1,1,1,1,2,1,1,5,11,33,1,2,9999,1,2,2,2,1,1,1,1,1,1,1,1,1
708670,9999,1,1,1,1,1,1,1,1,2,1,2,2,2,1,5,11,29,4,6,9999,1,1,1,1,1,1,1,1,2,1,1,1,888
708671,9999,1,1,1,2,2,1,1,1,1,1,2,2,2,2,4,2,30,4,2,9999,2,2,2,2,2,2,2,2,2,2,1,1,1
708672,9999,1,2,1,2,2,2,1,2,1,2,2,2,2,2,3,2,39,1,4,9999,2,2,2,2,2,2,2,2,2,2,1,2,2
708673,9999,1,1,1,1,1,1,1,1,1,2,1,2,2,1,5,12,24,5,5,9999,1,2,2,2,1,1,1,2,1,1,1,1,888
708697,9999,1,2,1,1,2,1,2,2,2,2,2,2,2,2,3,3,30,4,5,9999,2,2,2,2,2,1,2,2,2,2,2,2,2
708698,9999,2,2,2,2,2,1,2,2,2,2,2,2,2,2,1,1,36,1,2,9999,2,2,2,2,2,2,2,2,2,2,2,2,2
708699,9999,2,2,2,1,1,1,1,2,2,2,2,2,2,2,2,5,33,1,5,9999,2,1,2,2,2,1,1,2,2,2,2,2,888
708700,9999,1,1,1,2,2,1,2,2,2,2,2,2,2,2,3,3,35,1,5,9999,2,2,2,2,2,2,2,2,2,2,1,1,2
709358,9999,2,2,2,2,2,2,2,2,2,2,2,2,2,2,0,1,30,1,1,9999,2,2,2,2,2,3,3,3,3,3,3,3,3
709373,9999,2,2,2,2,2,2,2,2,2,2,2,2,2,2,0,0,23,4,5,9999,2,2,2,2,2,3,3,3,3,3,3,3,3
709378,9999,2,2,2,2,2,2,2,2,2,2,2,2,2,2,0,1,19,1,5,9999,2,2,2,2,1,3,3,3,3,3,3,3,3
709423,9999,1,1,1,2,2,2,2,2,2,2,2,2,2,2,4,4,39,4,2,9999,2,1,2,2,1,3,3,3,3,3,3,3,3
709424,9999,1,1,1,2,2,2,2,2,2,2,2,2,2,2,4,3,29,4,5,9999,2,2,2,2,2,3,3,3,3,3,3,3,3
709425,9999,2,1,1,2,2,2,2,2,2,2,2,2,2,2,3,0,32,6,2,9999,2,2,2,2,2,3,3,3,3,3,3,3,3
709445,9999,2,2,2,2,2,2,2,2,2,2,2,2,2,2,1,0,30,4,5,9999,2,2,2,2,2,3,3,3,3,3,3,3,3
709446,9999,1,1,1,2,2,2,2,2,2,2,2,2,2,2,3,0,24,5,2,9999,2,2,2,2,2,3,3,3,3,3,3,3,3
709497,9999,2,2,2,2,2,2,2,2,2,2,2,2,2,2,0,0,33,1,5,9999,2,2,2,2,2,3,3,3,3,3,3,3,3
709498,9999,2,2,2,2,2,2,2,2,2,2,2,2,2,2,0,0,20,4,5,9999,2,2,2,2,2,3,3,3,3,3,3,3,3
709499,9999,2,2,1,2,2,2,2,2,2,2,2,2,2,2,1,0,21,1,2,9999,1,2,2,2,1,3,3,3,3,3,3,3,3
709533,9999,2,2,2,2,2,2,2,2,2,2,2,2,2,2,0,1,23,4,5,9999,2,2,2,2,2,3,3,3,3,3,3,3,3
709548,9999,2,2,1,2,2,2,2,2,2,2,2,2,2,2,2,0,21,1,5,9999,2,2,2,2,2,3,3,3,3,3,3,3,3
709569,9999,2,2,2,2,2,2,2,2,2,2,2,2,2,2,0,5,25,1,5,9999,2,1,2,2,1,3,3,3,3,3,3,3,3
709570,9999,2,2,1,2,2,2,2,2,2,2,2,2,2,2,1,2,26,1,5,9999,2,2,2,2,2,3,3,3,3,3,3,3,3
709588,9999,2,2,2,2,2,2,2,2,2,2,2,2,2,2,0,0,30,1,2,9999,2,2,2,2,2,3,3,3,3,3,3,3,3
709589,9999,2,2,2,2,2,2,2,2,2,2,2,2,2,2,0,0,23,1,2,9999,2,2,2,2,2,3,3,3,3,3,3,3,3
709590,9999,1,2,2,2,2,2,2,2,2,2,2,2,2,2,1,0,24,1,5,9999,2,2,2,2,2,3,3,3,3,3,3,3,3
709623,9999,2,2,1,2,2,2,2,2,2,2,2,2,2,2,1,0,20,1,2,9999,2,2,2,2,2,3,3,3,3,3,3,3,3
709679,9999,2,2,2,2,2,2,2,2,2,2,2,2,2,2,0,1,30,999,5,9999,2,2,2,2,888,3,3,3,3,3,3,3,3
808365,9999,1,2,2,1,2,1,2,2,2,2,2,2,2,2,2,0,31,2,1,9999,2,2,2,2,2,1,2,2,2,2,2,2,2
808366,9999,1,1,1,1,2,1,2,1,2,2,2,2,2,2,5,7,21,4,5,9999,1,1,2,2,1,2,2,1,1,1,1,1,1
808367,9999,2,2,2,1,2,1,1,2,2,2,2,2,2,1,0,1,39,2,1,9999,2,2,2,2,2,2,2,2,1,1,2,2,2
808368,9999,1,1,1,1,2,1,1,1,2,1,2,2,2,1,4,6,35,4,1,9999,2,1,2,2,2,2,2,2,2,1,2,1,1
808369,9999,1,1,2,1,2,1,2,2,2,2,2,2,2,2,3,6,32,1,1,9999,2,2,2,1,2,2,2,2,2,2,2,2,2
808471,9999,1,1,1,1,2,1,2,2,2,2,1,2,2,1,5,5,34,1,5,9999,1,1,1,2,1,2,2,2,1,1,1,1,1
808472,9999,1,1,1,2,2,1,2,2,2,2,2,2,2,2,4,1,35,1,5,9999,2,1,1,2,2,1,2,2,2,2,1,1,2
808473,9999,1,1,1,1,1,1,1,1,1,1,1,2,2,2,4,8,42,4,3,9999,2,1,2,2,1,2,2,2,1,1,1,1,2
808474,9999,1,1,1,1,1,1,1,2,2,2,1,1,2,1,5,8,22,1,1,9999,2,2,1,2,2,1,2,1,1,1,1,1,2
808552,9999,1,1,1,1,1,1,1,1,1,1,1,1,1,1,5,15,36,4,1,9999,1,1,2,2,1,1,1,1,1,1,1,1,1
808566,9999,1,1,1,1,1,1,1,1,1,1,1,1,1,1,4,14,29,1,1,9999,888,1,1,2,1,1,1,1,1,1,1,1,1
808568,9999,1,1,1,1,1,1,1,1,1,1,1,2,2,1,5,6,46,1,5,9999,1,2,2,2,1,2,2,1,1,1,1,1,1
808676,9999,1,2,2,1,2,1,2,2,2,2,2,2,2,1,1,0,35,1,1,9999,1,2,2,2,1,2,2,1,1,1,1,1,2
808677,9999,1,1,1,1,2,1,1,2,2,2,1,2,2,2,3,6,25,1,1,9999,2,2,1,2,1,2,2,1,1,1,2,1,888
808678,9999,2,2,2,2,2,1,2,2,2,2,2,2,2,2,0,0,26,1,5,9999,2,2,2,2,1,2,2,2,2,2,2,2,2
808695,9999,1,1,1,1,1,1,1,1,2,1,1,2,2,1,4,9,27,1,1,9999,1,1,2,2,1,1,1,2,1,1,2,1,1
808696,9999,1,1,1,1,2,1,1,1,2,1,1,2,2,2,4,7,29,1,1,9999,2,2,2,1,1,2,2,2,1,2,1,1,2
809538,9999,1,2,2,2,2,2,2,2,2,2,2,2,2,2,1,0,40,3,1,9999,2,2,2,2,2,3,3,3,3,3,3,3,3
809567,9999,2,2,2,2,2,2,2,2,2,2,2,2,2,2,0,1,24,1,1,9999,2,2,2,2,2,3,3,3,3,3,3,3,3
809674,9999,1,2,1,2,2,2,2,2,2,2,2,2,2,2,2,0,22,1,1,9999,2,2,2,2,2,3,3,3,3,3,3,3,3
809675,9999,1,1,1,2,2,2,2,2,2,2,2,2,2,2,5,4,33,4,5,9999,1,1,2,2,2,3,3,3,3,3,3,3,3
908001,9999,999,999,999,999,999,999,999,999,999,999,999,999,999,999,999,0,19,999,1,9999,999,999,999,999,999,999,999,999,999,999,999,999,999
908003,9999,999,999,999,999,999,999,999,999,999,999,999,999,999,999,999,0,35,999,1,9999,999,999,999,999,999,999,999,999,999,999,999,999,999
909002,9999,2,1,999,999,999,999,999,999,999,999,999,999,999,999,1,0,26,999,999,9999,999,999,999,999,999,3,3,999,999,999,999,999,999
909004,9999,2,2,2,2,2,2,2,2,2,2,2,2,2,2,0,0,35,5,5,9999,2,2,2,2,2,3,3,9999,9999,9999,999,999,9999
